TTLocalizer: Running in language: english
from toontown.toonbase.TTLocalizerEnglish import *
OTPLocalizer: Running in language: english
from otp.otpbase.OTPLocalizerEnglish import *
AppRunner has been removed and AppRunnerGlobal has been deprecated
Preloading suits...
Preloading Toon heads...
Preloading Toon heads...
Preloading avatars...
{402000001: <toontown.distributed.ToontownDistrict.ToontownDistrict instance at 0x0000000026225AC8>}
__handleAvatarChooserDone: 100000086, 'Mr. Rockenzap', ('lss', 'ms', 's', 'm', (0.984, 0.537, 0.396, 1.0), (1.0, 1.0, 1.0, 1.0), (0.984, 0.537, 0.396, 1.0), (0.984, 0.537, 0.396, 1.0), 11, 0, 0, 0, 1, 20), 4
NodePath.iPosHpr() is deprecated.
NodePath.iPosHpr() is deprecated.
0
Reading DNA file... phase_4/dna/storage.pdna
Reading DNA file... phase_3.5/dna/storage_interior.pdna
[49, 49, 49, 49, 49, 49]
///////////
Actor goon-402005498, parts = ['modelRoot'], LODs = ['lodRoot'], anims = ['walk', 'recovery', 'collapse']
[Actor goon--1, parts = ['modelRoot'], LODs = ['lodRoot'], anims = ['walk', 'recovery', 'collapse'], Actor goon--2, parts = ['modelRoot'], LODs = ['lodRoot'], anims = ['walk', 'recovery', 'collapse'], Actor goon--3, parts = ['modelRoot'], LODs = ['lodRoot'], anims = ['walk', 'recovery', 'collapse'], Actor goon-402005498, parts = ['modelRoot'], LODs = ['lodRoot'], anims = ['walk', 'recovery', 'collapse'], Actor goon-402005499, parts = ['modelRoot'], LODs = ['lodRoot'], anims = ['walk', 'recovery', 'collapse'], Actor goon-402005500, parts = ['modelRoot'], LODs = ['lodRoot'], anims = ['walk', 'recovery', 'collapse'], Actor goon-402005501, parts = ['modelRoot'], LODs = ['lodRoot'], anims = ['walk', 'recovery', 'collapse']]
///////////
///////////
Actor goon-402005498, parts = ['modelRoot'], LODs = ['lodRoot'], anims = ['walk', 'recovery', 'collapse']
[Actor goon--1, parts = ['modelRoot'], LODs = ['lodRoot'], anims = ['walk', 'recovery', 'collapse'], Actor goon--2, parts = ['modelRoot'], LODs = ['lodRoot'], anims = ['walk', 'recovery', 'collapse'], Actor goon--3, parts = ['modelRoot'], LODs = ['lodRoot'], anims = ['walk', 'recovery', 'collapse'], Actor goon-402005499, parts = ['modelRoot'], LODs = ['lodRoot'], anims = ['walk', 'recovery', 'collapse'], Actor goon-402005500, parts = ['modelRoot'], LODs = ['lodRoot'], anims = ['walk', 'recovery', 'collapse'], Actor goon-402005501, parts = ['modelRoot'], LODs = ['lodRoot'], anims = ['walk', 'recovery', 'collapse']]
///////////
///////////
Actor goon-402005501, parts = ['modelRoot'], LODs = ['lodRoot'], anims = ['walk', 'recovery', 'collapse']
[Actor goon--1, parts = ['modelRoot'], LODs = ['lodRoot'], anims = ['walk', 'recovery', 'collapse'], Actor goon--2, parts = ['modelRoot'], LODs = ['lodRoot'], anims = ['walk', 'recovery', 'collapse'], Actor goon--3, parts = ['modelRoot'], LODs = ['lodRoot'], anims = ['walk', 'recovery', 'collapse'], Actor goon-402005499, parts = ['modelRoot'], LODs = ['lodRoot'], anims = ['walk', 'recovery', 'collapse'], Actor goon-402005500, parts = ['modelRoot'], LODs = ['lodRoot'], anims = ['walk', 'recovery', 'collapse'], Actor goon-402005501, parts = ['modelRoot'], LODs = ['lodRoot'], anims = ['walk', 'recovery', 'collapse'], Actor goon-402005546, parts = ['modelRoot'], LODs = ['lodRoot'], anims = ['walk', 'recovery', 'collapse'], Actor goon-402005578, parts = ['modelRoot'], LODs = ['lodRoot'], anims = ['walk', 'recovery', 'collapse']]
///////////
///////////
Actor goon-402005501, parts = ['modelRoot'], LODs = ['lodRoot'], anims = ['walk', 'recovery', 'collapse']
[Actor goon--1, parts = ['modelRoot'], LODs = ['lodRoot'], anims = ['walk', 'recovery', 'collapse'], Actor goon--2, parts = ['modelRoot'], LODs = ['lodRoot'], anims = ['walk', 'recovery', 'collapse'], Actor goon--3, parts = ['modelRoot'], LODs = ['lodRoot'], anims = ['walk', 'recovery', 'collapse'], Actor goon-402005499, parts = ['modelRoot'], LODs = ['lodRoot'], anims = ['walk', 'recovery', 'collapse'], Actor goon-402005500, parts = ['modelRoot'], LODs = ['lodRoot'], anims = ['walk', 'recovery', 'collapse'], Actor goon-402005546, parts = ['modelRoot'], LODs = ['lodRoot'], anims = ['walk', 'recovery', 'collapse'], Actor goon-402005578, parts = ['modelRoot'], LODs = ['lodRoot'], anims = ['walk', 'recovery', 'collapse']]
///////////
///////////
Actor goon-402005500, parts = ['modelRoot'], LODs = ['lodRoot'], anims = ['walk', 'recovery', 'collapse']
[Actor goon--1, parts = ['modelRoot'], LODs = ['lodRoot'], anims = ['walk', 'recovery', 'collapse'], Actor goon--2, parts = ['modelRoot'], LODs = ['lodRoot'], anims = ['walk', 'recovery', 'collapse'], Actor goon--3, parts = ['modelRoot'], LODs = ['lodRoot'], anims = ['walk', 'recovery', 'collapse'], Actor goon-402005499, parts = ['modelRoot'], LODs = ['lodRoot'], anims = ['walk', 'recovery', 'collapse'], Actor goon-402005500, parts = ['modelRoot'], LODs = ['lodRoot'], anims = ['walk', 'recovery', 'collapse'], Actor goon-402005546, parts = ['modelRoot'], LODs = ['lodRoot'], anims = ['walk', 'recovery', 'collapse'], Actor goon-402005578, parts = ['modelRoot'], LODs = ['lodRoot'], anims = ['walk', 'recovery', 'collapse'], Actor goon-402005582, parts = ['modelRoot'], LODs = ['lodRoot'], anims = ['walk', 'recovery', 'collapse'], Actor goon-402005611, parts = ['modelRoot'], LODs = ['lodRoot'], anims = ['walk', 'recovery', 'collapse'], Actor goon-402005640, parts = ['modelRoot'], LODs = ['lodRoot'], anims = ['walk', 'recovery', 'collapse']]
///////////
///////////
Actor goon-402005582, parts = ['modelRoot'], LODs = ['lodRoot'], anims = ['walk', 'recovery', 'collapse']
[Actor goon--1, parts = ['modelRoot'], LODs = ['lodRoot'], anims = ['walk', 'recovery', 'collapse'], Actor goon--2, parts = ['modelRoot'], LODs = ['lodRoot'], anims = ['walk', 'recovery', 'collapse'], Actor goon--3, parts = ['modelRoot'], LODs = ['lodRoot'], anims = ['walk', 'recovery', 'collapse'], Actor goon-402005499, parts = ['modelRoot'], LODs = ['lodRoot'], anims = ['walk', 'recovery', 'collapse'], Actor goon-402005546, parts = ['modelRoot'], LODs = ['lodRoot'], anims = ['walk', 'recovery', 'collapse'], Actor goon-402005578, parts = ['modelRoot'], LODs = ['lodRoot'], anims = ['walk', 'recovery', 'collapse'], Actor goon-402005582, parts = ['modelRoot'], LODs = ['lodRoot'], anims = ['walk', 'recovery', 'collapse'], Actor goon-402005611, parts = ['modelRoot'], LODs = ['lodRoot'], anims = ['walk', 'recovery', 'collapse'], Actor goon-402005640, parts = ['modelRoot'], LODs = ['lodRoot'], anims = ['walk', 'recovery', 'collapse'], Actor goon-402005642, parts = ['modelRoot'], LODs = ['lodRoot'], anims = ['walk', 'recovery', 'collapse']]
///////////
///////////
Actor goon-402005582, parts = ['modelRoot'], LODs = ['lodRoot'], anims = ['walk', 'recovery', 'collapse']
[Actor goon--1, parts = ['modelRoot'], LODs = ['lodRoot'], anims = ['walk', 'recovery', 'collapse'], Actor goon--2, parts = ['modelRoot'], LODs = ['lodRoot'], anims = ['walk', 'recovery', 'collapse'], Actor goon--3, parts = ['modelRoot'], LODs = ['lodRoot'], anims = ['walk', 'recovery', 'collapse'], Actor goon-402005499, parts = ['modelRoot'], LODs = ['lodRoot'], anims = ['walk', 'recovery', 'collapse'], Actor goon-402005546, parts = ['modelRoot'], LODs = ['lodRoot'], anims = ['walk', 'recovery', 'collapse'], Actor goon-402005578, parts = ['modelRoot'], LODs = ['lodRoot'], anims = ['walk', 'recovery', 'collapse'], Actor goon-402005611, parts = ['modelRoot'], LODs = ['lodRoot'], anims = ['walk', 'recovery', 'collapse'], Actor goon-402005640, parts = ['modelRoot'], LODs = ['lodRoot'], anims = ['walk', 'recovery', 'collapse'], Actor goon-402005642, parts = ['modelRoot'], LODs = ['lodRoot'], anims = ['walk', 'recovery', 'collapse']]
///////////
///////////
Actor goon-402005611, parts = ['modelRoot'], LODs = ['lodRoot'], anims = ['walk', 'recovery', 'collapse']
[Actor goon--1, parts = ['modelRoot'], LODs = ['lodRoot'], anims = ['walk', 'recovery', 'collapse'], Actor goon--2, parts = ['modelRoot'], LODs = ['lodRoot'], anims = ['walk', 'recovery', 'collapse'], Actor goon--3, parts = ['modelRoot'], LODs = ['lodRoot'], anims = ['walk', 'recovery', 'collapse'], Actor goon-402005499, parts = ['modelRoot'], LODs = ['lodRoot'], anims = ['walk', 'recovery', 'collapse'], Actor goon-402005546, parts = ['modelRoot'], LODs = ['lodRoot'], anims = ['walk', 'recovery', 'collapse'], Actor goon-402005578, parts = ['modelRoot'], LODs = ['lodRoot'], anims = ['walk', 'recovery', 'collapse'], Actor goon-402005611, parts = ['modelRoot'], LODs = ['lodRoot'], anims = ['walk', 'recovery', 'collapse'], Actor goon-402005640, parts = ['modelRoot'], LODs = ['lodRoot'], anims = ['walk', 'recovery', 'collapse'], Actor goon-402005642, parts = ['modelRoot'], LODs = ['lodRoot'], anims = ['walk', 'recovery', 'collapse'], Actor goon-402005670, parts = ['modelRoot'], LODs = ['lodRoot'], anims = ['walk', 'recovery', 'collapse']]
///////////
///////////
Actor goon-402005611, parts = ['modelRoot'], LODs = ['lodRoot'], anims = ['walk', 'recovery', 'collapse']
[Actor goon--1, parts = ['modelRoot'], LODs = ['lodRoot'], anims = ['walk', 'recovery', 'collapse'], Actor goon--2, parts = ['modelRoot'], LODs = ['lodRoot'], anims = ['walk', 'recovery', 'collapse'], Actor goon--3, parts = ['modelRoot'], LODs = ['lodRoot'], anims = ['walk', 'recovery', 'collapse'], Actor goon-402005499, parts = ['modelRoot'], LODs = ['lodRoot'], anims = ['walk', 'recovery', 'collapse'], Actor goon-402005546, parts = ['modelRoot'], LODs = ['lodRoot'], anims = ['walk', 'recovery', 'collapse'], Actor goon-402005578, parts = ['modelRoot'], LODs = ['lodRoot'], anims = ['walk', 'recovery', 'collapse'], Actor goon-402005640, parts = ['modelRoot'], LODs = ['lodRoot'], anims = ['walk', 'recovery', 'collapse'], Actor goon-402005642, parts = ['modelRoot'], LODs = ['lodRoot'], anims = ['walk', 'recovery', 'collapse'], Actor goon-402005670, parts = ['modelRoot'], LODs = ['lodRoot'], anims = ['walk', 'recovery', 'collapse']]
///////////
///////////
Actor goon-402005640, parts = ['modelRoot'], LODs = ['lodRoot'], anims = ['walk', 'recovery', 'collapse']
[Actor goon--1, parts = ['modelRoot'], LODs = ['lodRoot'], anims = ['walk', 'recovery', 'collapse'], Actor goon--2, parts = ['modelRoot'], LODs = ['lodRoot'], anims = ['walk', 'recovery', 'collapse'], Actor goon--3, parts = ['modelRoot'], LODs = ['lodRoot'], anims = ['walk', 'recovery', 'collapse'], Actor goon-402005499, parts = ['modelRoot'], LODs = ['lodRoot'], anims = ['walk', 'recovery', 'collapse'], Actor goon-402005546, parts = ['modelRoot'], LODs = ['lodRoot'], anims = ['walk', 'recovery', 'collapse'], Actor goon-402005578, parts = ['modelRoot'], LODs = ['lodRoot'], anims = ['walk', 'recovery', 'collapse'], Actor goon-402005640, parts = ['modelRoot'], LODs = ['lodRoot'], anims = ['walk', 'recovery', 'collapse'], Actor goon-402005642, parts = ['modelRoot'], LODs = ['lodRoot'], anims = ['walk', 'recovery', 'collapse'], Actor goon-402005670, parts = ['modelRoot'], LODs = ['lodRoot'], anims = ['walk', 'recovery', 'collapse'], Actor goon-402005690, parts = ['modelRoot'], LODs = ['lodRoot'], anims = ['walk', 'recovery', 'collapse']]
///////////
///////////
Actor goon-402005640, parts = ['modelRoot'], LODs = ['lodRoot'], anims = ['walk', 'recovery', 'collapse']
[Actor goon--1, parts = ['modelRoot'], LODs = ['lodRoot'], anims = ['walk', 'recovery', 'collapse'], Actor goon--2, parts = ['modelRoot'], LODs = ['lodRoot'], anims = ['walk', 'recovery', 'collapse'], Actor goon--3, parts = ['modelRoot'], LODs = ['lodRoot'], anims = ['walk', 'recovery', 'collapse'], Actor goon-402005499, parts = ['modelRoot'], LODs = ['lodRoot'], anims = ['walk', 'recovery', 'collapse'], Actor goon-402005546, parts = ['modelRoot'], LODs = ['lodRoot'], anims = ['walk', 'recovery', 'collapse'], Actor goon-402005578, parts = ['modelRoot'], LODs = ['lodRoot'], anims = ['walk', 'recovery', 'collapse'], Actor goon-402005642, parts = ['modelRoot'], LODs = ['lodRoot'], anims = ['walk', 'recovery', 'collapse'], Actor goon-402005670, parts = ['modelRoot'], LODs = ['lodRoot'], anims = ['walk', 'recovery', 'collapse'], Actor goon-402005690, parts = ['modelRoot'], LODs = ['lodRoot'], anims = ['walk', 'recovery', 'collapse']]
///////////
///////////
Actor goon-402005642, parts = ['modelRoot'], LODs = ['lodRoot'], anims = ['walk', 'recovery', 'collapse']
[Actor goon--1, parts = ['modelRoot'], LODs = ['lodRoot'], anims = ['walk', 'recovery', 'collapse'], Actor goon--2, parts = ['modelRoot'], LODs = ['lodRoot'], anims = ['walk', 'recovery', 'collapse'], Actor goon--3, parts = ['modelRoot'], LODs = ['lodRoot'], anims = ['walk', 'recovery', 'collapse'], Actor goon-402005499, parts = ['modelRoot'], LODs = ['lodRoot'], anims = ['walk', 'recovery', 'collapse'], Actor goon-402005546, parts = ['modelRoot'], LODs = ['lodRoot'], anims = ['walk', 'recovery', 'collapse'], Actor goon-402005578, parts = ['modelRoot'], LODs = ['lodRoot'], anims = ['walk', 'recovery', 'collapse'], Actor goon-402005642, parts = ['modelRoot'], LODs = ['lodRoot'], anims = ['walk', 'recovery', 'collapse'], Actor goon-402005670, parts = ['modelRoot'], LODs = ['lodRoot'], anims = ['walk', 'recovery', 'collapse'], Actor goon-402005690, parts = ['modelRoot'], LODs = ['lodRoot'], anims = ['walk', 'recovery', 'collapse'], Actor goon-402005693, parts = ['modelRoot'], LODs = ['lodRoot'], anims = ['walk', 'recovery', 'collapse'], Actor goon-402005711, parts = ['modelRoot'], LODs = ['lodRoot'], anims = ['walk', 'recovery', 'collapse']]
///////////
///////////
Actor goon-402005642, parts = ['modelRoot'], LODs = ['lodRoot'], anims = ['walk', 'recovery', 'collapse']
[Actor goon--1, parts = ['modelRoot'], LODs = ['lodRoot'], anims = ['walk', 'recovery', 'collapse'], Actor goon--2, parts = ['modelRoot'], LODs = ['lodRoot'], anims = ['walk', 'recovery', 'collapse'], Actor goon--3, parts = ['modelRoot'], LODs = ['lodRoot'], anims = ['walk', 'recovery', 'collapse'], Actor goon-402005499, parts = ['modelRoot'], LODs = ['lodRoot'], anims = ['walk', 'recovery', 'collapse'], Actor goon-402005546, parts = ['modelRoot'], LODs = ['lodRoot'], anims = ['walk', 'recovery', 'collapse'], Actor goon-402005578, parts = ['modelRoot'], LODs = ['lodRoot'], anims = ['walk', 'recovery', 'collapse'], Actor goon-402005670, parts = ['modelRoot'], LODs = ['lodRoot'], anims = ['walk', 'recovery', 'collapse'], Actor goon-402005690, parts = ['modelRoot'], LODs = ['lodRoot'], anims = ['walk', 'recovery', 'collapse'], Actor goon-402005693, parts = ['modelRoot'], LODs = ['lodRoot'], anims = ['walk', 'recovery', 'collapse'], Actor goon-402005711, parts = ['modelRoot'], LODs = ['lodRoot'], anims = ['walk', 'recovery', 'collapse']]
///////////
///////////
Actor goon-402005690, parts = ['modelRoot'], LODs = ['lodRoot'], anims = ['walk', 'recovery', 'collapse']
[Actor goon--1, parts = ['modelRoot'], LODs = ['lodRoot'], anims = ['walk', 'recovery', 'collapse'], Actor goon--2, parts = ['modelRoot'], LODs = ['lodRoot'], anims = ['walk', 'recovery', 'collapse'], Actor goon--3, parts = ['modelRoot'], LODs = ['lodRoot'], anims = ['walk', 'recovery', 'collapse'], Actor goon-402005499, parts = ['modelRoot'], LODs = ['lodRoot'], anims = ['walk', 'recovery', 'collapse'], Actor goon-402005546, parts = ['modelRoot'], LODs = ['lodRoot'], anims = ['walk', 'recovery', 'collapse'], Actor goon-402005578, parts = ['modelRoot'], LODs = ['lodRoot'], anims = ['walk', 'recovery', 'collapse'], Actor goon-402005670, parts = ['modelRoot'], LODs = ['lodRoot'], anims = ['walk', 'recovery', 'collapse'], Actor goon-402005690, parts = ['modelRoot'], LODs = ['lodRoot'], anims = ['walk', 'recovery', 'collapse'], Actor goon-402005693, parts = ['modelRoot'], LODs = ['lodRoot'], anims = ['walk', 'recovery', 'collapse'], Actor goon-402005711, parts = ['modelRoot'], LODs = ['lodRoot'], anims = ['walk', 'recovery', 'collapse'], Actor goon-402005714, parts = ['modelRoot'], LODs = ['lodRoot'], anims = ['walk', 'recovery', 'collapse']]
///////////
///////////
Actor goon-402005690, parts = ['modelRoot'], LODs = ['lodRoot'], anims = ['walk', 'recovery', 'collapse']
[Actor goon--1, parts = ['modelRoot'], LODs = ['lodRoot'], anims = ['walk', 'recovery', 'collapse'], Actor goon--2, parts = ['modelRoot'], LODs = ['lodRoot'], anims = ['walk', 'recovery', 'collapse'], Actor goon--3, parts = ['modelRoot'], LODs = ['lodRoot'], anims = ['walk', 'recovery', 'collapse'], Actor goon-402005499, parts = ['modelRoot'], LODs = ['lodRoot'], anims = ['walk', 'recovery', 'collapse'], Actor goon-402005546, parts = ['modelRoot'], LODs = ['lodRoot'], anims = ['walk', 'recovery', 'collapse'], Actor goon-402005578, parts = ['modelRoot'], LODs = ['lodRoot'], anims = ['walk', 'recovery', 'collapse'], Actor goon-402005670, parts = ['modelRoot'], LODs = ['lodRoot'], anims = ['walk', 'recovery', 'collapse'], Actor goon-402005693, parts = ['modelRoot'], LODs = ['lodRoot'], anims = ['walk', 'recovery', 'collapse'], Actor goon-402005711, parts = ['modelRoot'], LODs = ['lodRoot'], anims = ['walk', 'recovery', 'collapse'], Actor goon-402005714, parts = ['modelRoot'], LODs = ['lodRoot'], anims = ['walk', 'recovery', 'collapse']]
///////////
///////////
Actor goon-402005578, parts = ['modelRoot'], LODs = ['lodRoot'], anims = ['walk', 'recovery', 'collapse']
[Actor goon--1, parts = ['modelRoot'], LODs = ['lodRoot'], anims = ['walk', 'recovery', 'collapse'], Actor goon--2, parts = ['modelRoot'], LODs = ['lodRoot'], anims = ['walk', 'recovery', 'collapse'], Actor goon--3, parts = ['modelRoot'], LODs = ['lodRoot'], anims = ['walk', 'recovery', 'collapse'], Actor goon-402005499, parts = ['modelRoot'], LODs = ['lodRoot'], anims = ['walk', 'recovery', 'collapse'], Actor goon-402005546, parts = ['modelRoot'], LODs = ['lodRoot'], anims = ['walk', 'recovery', 'collapse'], Actor goon-402005578, parts = ['modelRoot'], LODs = ['lodRoot'], anims = ['walk', 'recovery', 'collapse'], Actor goon-402005670, parts = ['modelRoot'], LODs = ['lodRoot'], anims = ['walk', 'recovery', 'collapse'], Actor goon-402005693, parts = ['modelRoot'], LODs = ['lodRoot'], anims = ['walk', 'recovery', 'collapse'], Actor goon-402005711, parts = ['modelRoot'], LODs = ['lodRoot'], anims = ['walk', 'recovery', 'collapse'], Actor goon-402005714, parts = ['modelRoot'], LODs = ['lodRoot'], anims = ['walk', 'recovery', 'collapse'], Actor goon-402005736, parts = ['modelRoot'], LODs = ['lodRoot'], anims = ['walk', 'recovery', 'collapse']]
///////////
///////////
Actor goon-402005578, parts = ['modelRoot'], LODs = ['lodRoot'], anims = ['walk', 'recovery', 'collapse']
[Actor goon--1, parts = ['modelRoot'], LODs = ['lodRoot'], anims = ['walk', 'recovery', 'collapse'], Actor goon--2, parts = ['modelRoot'], LODs = ['lodRoot'], anims = ['walk', 'recovery', 'collapse'], Actor goon--3, parts = ['modelRoot'], LODs = ['lodRoot'], anims = ['walk', 'recovery', 'collapse'], Actor goon-402005499, parts = ['modelRoot'], LODs = ['lodRoot'], anims = ['walk', 'recovery', 'collapse'], Actor goon-402005546, parts = ['modelRoot'], LODs = ['lodRoot'], anims = ['walk', 'recovery', 'collapse'], Actor goon-402005670, parts = ['modelRoot'], LODs = ['lodRoot'], anims = ['walk', 'recovery', 'collapse'], Actor goon-402005693, parts = ['modelRoot'], LODs = ['lodRoot'], anims = ['walk', 'recovery', 'collapse'], Actor goon-402005711, parts = ['modelRoot'], LODs = ['lodRoot'], anims = ['walk', 'recovery', 'collapse'], Actor goon-402005714, parts = ['modelRoot'], LODs = ['lodRoot'], anims = ['walk', 'recovery', 'collapse'], Actor goon-402005736, parts = ['modelRoot'], LODs = ['lodRoot'], anims = ['walk', 'recovery', 'collapse']]
///////////
///////////
Actor goon-402005499, parts = ['modelRoot'], LODs = ['lodRoot'], anims = ['walk', 'recovery', 'collapse']
[Actor goon--1, parts = ['modelRoot'], LODs = ['lodRoot'], anims = ['walk', 'recovery', 'collapse'], Actor goon--2, parts = ['modelRoot'], LODs = ['lodRoot'], anims = ['walk', 'recovery', 'collapse'], Actor goon--3, parts = ['modelRoot'], LODs = ['lodRoot'], anims = ['walk', 'recovery', 'collapse'], Actor goon-402005499, parts = ['modelRoot'], LODs = ['lodRoot'], anims = ['walk', 'recovery', 'collapse'], Actor goon-402005546, parts = ['modelRoot'], LODs = ['lodRoot'], anims = ['walk', 'recovery', 'collapse'], Actor goon-402005670, parts = ['modelRoot'], LODs = ['lodRoot'], anims = ['walk', 'recovery', 'collapse'], Actor goon-402005693, parts = ['modelRoot'], LODs = ['lodRoot'], anims = ['walk', 'recovery', 'collapse'], Actor goon-402005711, parts = ['modelRoot'], LODs = ['lodRoot'], anims = ['walk', 'recovery', 'collapse'], Actor goon-402005714, parts = ['modelRoot'], LODs = ['lodRoot'], anims = ['walk', 'recovery', 'collapse'], Actor goon-402005736, parts = ['modelRoot'], LODs = ['lodRoot'], anims = ['walk', 'recovery', 'collapse'], Actor goon-402005757, parts = ['modelRoot'], LODs = ['lodRoot'], anims = ['walk', 'recovery', 'collapse']]
///////////
///////////
Actor goon-402005499, parts = ['modelRoot'], LODs = ['lodRoot'], anims = ['walk', 'recovery', 'collapse']
[Actor goon--1, parts = ['modelRoot'], LODs = ['lodRoot'], anims = ['walk', 'recovery', 'collapse'], Actor goon--2, parts = ['modelRoot'], LODs = ['lodRoot'], anims = ['walk', 'recovery', 'collapse'], Actor goon--3, parts = ['modelRoot'], LODs = ['lodRoot'], anims = ['walk', 'recovery', 'collapse'], Actor goon-402005546, parts = ['modelRoot'], LODs = ['lodRoot'], anims = ['walk', 'recovery', 'collapse'], Actor goon-402005670, parts = ['modelRoot'], LODs = ['lodRoot'], anims = ['walk', 'recovery', 'collapse'], Actor goon-402005693, parts = ['modelRoot'], LODs = ['lodRoot'], anims = ['walk', 'recovery', 'collapse'], Actor goon-402005711, parts = ['modelRoot'], LODs = ['lodRoot'], anims = ['walk', 'recovery', 'collapse'], Actor goon-402005714, parts = ['modelRoot'], LODs = ['lodRoot'], anims = ['walk', 'recovery', 'collapse'], Actor goon-402005736, parts = ['modelRoot'], LODs = ['lodRoot'], anims = ['walk', 'recovery', 'collapse'], Actor goon-402005757, parts = ['modelRoot'], LODs = ['lodRoot'], anims = ['walk', 'recovery', 'collapse']]
///////////
///////////
Actor goon-402005714, parts = ['modelRoot'], LODs = ['lodRoot'], anims = ['walk', 'recovery', 'collapse']
[Actor goon--1, parts = ['modelRoot'], LODs = ['lodRoot'], anims = ['walk', 'recovery', 'collapse'], Actor goon--2, parts = ['modelRoot'], LODs = ['lodRoot'], anims = ['walk', 'recovery', 'collapse'], Actor goon--3, parts = ['modelRoot'], LODs = ['lodRoot'], anims = ['walk', 'recovery', 'collapse'], Actor goon-402005546, parts = ['modelRoot'], LODs = ['lodRoot'], anims = ['walk', 'recovery', 'collapse'], Actor goon-402005670, parts = ['modelRoot'], LODs = ['lodRoot'], anims = ['walk', 'recovery', 'collapse'], Actor goon-402005693, parts = ['modelRoot'], LODs = ['lodRoot'], anims = ['walk', 'recovery', 'collapse'], Actor goon-402005711, parts = ['modelRoot'], LODs = ['lodRoot'], anims = ['walk', 'recovery', 'collapse'], Actor goon-402005714, parts = ['modelRoot'], LODs = ['lodRoot'], anims = ['walk', 'recovery', 'collapse'], Actor goon-402005736, parts = ['modelRoot'], LODs = ['lodRoot'], anims = ['walk', 'recovery', 'collapse'], Actor goon-402005757, parts = ['modelRoot'], LODs = ['lodRoot'], anims = ['walk', 'recovery', 'collapse']]
///////////
///////////
Actor goon-402005714, parts = ['modelRoot'], LODs = ['lodRoot'], anims = ['walk', 'recovery', 'collapse']
[Actor goon--1, parts = ['modelRoot'], LODs = ['lodRoot'], anims = ['walk', 'recovery', 'collapse'], Actor goon--2, parts = ['modelRoot'], LODs = ['lodRoot'], anims = ['walk', 'recovery', 'collapse'], Actor goon--3, parts = ['modelRoot'], LODs = ['lodRoot'], anims = ['walk', 'recovery', 'collapse'], Actor goon-402005546, parts = ['modelRoot'], LODs = ['lodRoot'], anims = ['walk', 'recovery', 'collapse'], Actor goon-402005670, parts = ['modelRoot'], LODs = ['lodRoot'], anims = ['walk', 'recovery', 'collapse'], Actor goon-402005693, parts = ['modelRoot'], LODs = ['lodRoot'], anims = ['walk', 'recovery', 'collapse'], Actor goon-402005711, parts = ['modelRoot'], LODs = ['lodRoot'], anims = ['walk', 'recovery', 'collapse'], Actor goon-402005736, parts = ['modelRoot'], LODs = ['lodRoot'], anims = ['walk', 'recovery', 'collapse'], Actor goon-402005757, parts = ['modelRoot'], LODs = ['lodRoot'], anims = ['walk', 'recovery', 'collapse']]
///////////
///////////
Actor goon-402005757, parts = ['modelRoot'], LODs = ['lodRoot'], anims = ['walk', 'recovery', 'collapse']
[Actor goon--1, parts = ['modelRoot'], LODs = ['lodRoot'], anims = ['walk', 'recovery', 'collapse'], Actor goon--2, parts = ['modelRoot'], LODs = ['lodRoot'], anims = ['walk', 'recovery', 'collapse'], Actor goon--3, parts = ['modelRoot'], LODs = ['lodRoot'], anims = ['walk', 'recovery', 'collapse'], Actor goon-402005546, parts = ['modelRoot'], LODs = ['lodRoot'], anims = ['walk', 'recovery', 'collapse'], Actor goon-402005670, parts = ['modelRoot'], LODs = ['lodRoot'], anims = ['walk', 'recovery', 'collapse'], Actor goon-402005693, parts = ['modelRoot'], LODs = ['lodRoot'], anims = ['walk', 'recovery', 'collapse'], Actor goon-402005711, parts = ['modelRoot'], LODs = ['lodRoot'], anims = ['walk', 'recovery', 'collapse'], Actor goon-402005736, parts = ['modelRoot'], LODs = ['lodRoot'], anims = ['walk', 'recovery', 'collapse'], Actor goon-402005757, parts = ['modelRoot'], LODs = ['lodRoot'], anims = ['walk', 'recovery', 'collapse'], Actor goon-402005781, parts = ['modelRoot'], LODs = ['lodRoot'], anims = ['walk', 'recovery', 'collapse'], Actor goon-402005803, parts = ['modelRoot'], LODs = ['lodRoot'], anims = ['walk', 'recovery', 'collapse']]
///////////
///////////
Actor goon-402005757, parts = ['modelRoot'], LODs = ['lodRoot'], anims = ['walk', 'recovery', 'collapse']
[Actor goon--1, parts = ['modelRoot'], LODs = ['lodRoot'], anims = ['walk', 'recovery', 'collapse'], Actor goon--2, parts = ['modelRoot'], LODs = ['lodRoot'], anims = ['walk', 'recovery', 'collapse'], Actor goon--3, parts = ['modelRoot'], LODs = ['lodRoot'], anims = ['walk', 'recovery', 'collapse'], Actor goon-402005546, parts = ['modelRoot'], LODs = ['lodRoot'], anims = ['walk', 'recovery', 'collapse'], Actor goon-402005670, parts = ['modelRoot'], LODs = ['lodRoot'], anims = ['walk', 'recovery', 'collapse'], Actor goon-402005693, parts = ['modelRoot'], LODs = ['lodRoot'], anims = ['walk', 'recovery', 'collapse'], Actor goon-402005711, parts = ['modelRoot'], LODs = ['lodRoot'], anims = ['walk', 'recovery', 'collapse'], Actor goon-402005736, parts = ['modelRoot'], LODs = ['lodRoot'], anims = ['walk', 'recovery', 'collapse'], Actor goon-402005781, parts = ['modelRoot'], LODs = ['lodRoot'], anims = ['walk', 'recovery', 'collapse'], Actor goon-402005803, parts = ['modelRoot'], LODs = ['lodRoot'], anims = ['walk', 'recovery', 'collapse']]
///////////
///////////
Actor goon-402005693, parts = ['modelRoot'], LODs = ['lodRoot'], anims = ['walk', 'recovery', 'collapse']
[Actor goon--1, parts = ['modelRoot'], LODs = ['lodRoot'], anims = ['walk', 'recovery', 'collapse'], Actor goon--2, parts = ['modelRoot'], LODs = ['lodRoot'], anims = ['walk', 'recovery', 'collapse'], Actor goon--3, parts = ['modelRoot'], LODs = ['lodRoot'], anims = ['walk', 'recovery', 'collapse'], Actor goon-402005546, parts = ['modelRoot'], LODs = ['lodRoot'], anims = ['walk', 'recovery', 'collapse'], Actor goon-402005670, parts = ['modelRoot'], LODs = ['lodRoot'], anims = ['walk', 'recovery', 'collapse'], Actor goon-402005693, parts = ['modelRoot'], LODs = ['lodRoot'], anims = ['walk', 'recovery', 'collapse'], Actor goon-402005711, parts = ['modelRoot'], LODs = ['lodRoot'], anims = ['walk', 'recovery', 'collapse'], Actor goon-402005736, parts = ['modelRoot'], LODs = ['lodRoot'], anims = ['walk', 'recovery', 'collapse'], Actor goon-402005781, parts = ['modelRoot'], LODs = ['lodRoot'], anims = ['walk', 'recovery', 'collapse'], Actor goon-402005803, parts = ['modelRoot'], LODs = ['lodRoot'], anims = ['walk', 'recovery', 'collapse']]
///////////
///////////
Actor goon-402005693, parts = ['modelRoot'], LODs = ['lodRoot'], anims = ['walk', 'recovery', 'collapse']
[Actor goon--1, parts = ['modelRoot'], LODs = ['lodRoot'], anims = ['walk', 'recovery', 'collapse'], Actor goon--2, parts = ['modelRoot'], LODs = ['lodRoot'], anims = ['walk', 'recovery', 'collapse'], Actor goon--3, parts = ['modelRoot'], LODs = ['lodRoot'], anims = ['walk', 'recovery', 'collapse'], Actor goon-402005546, parts = ['modelRoot'], LODs = ['lodRoot'], anims = ['walk', 'recovery', 'collapse'], Actor goon-402005670, parts = ['modelRoot'], LODs = ['lodRoot'], anims = ['walk', 'recovery', 'collapse'], Actor goon-402005711, parts = ['modelRoot'], LODs = ['lodRoot'], anims = ['walk', 'recovery', 'collapse'], Actor goon-402005736, parts = ['modelRoot'], LODs = ['lodRoot'], anims = ['walk', 'recovery', 'collapse'], Actor goon-402005781, parts = ['modelRoot'], LODs = ['lodRoot'], anims = ['walk', 'recovery', 'collapse'], Actor goon-402005803, parts = ['modelRoot'], LODs = ['lodRoot'], anims = ['walk', 'recovery', 'collapse']]
///////////
///////////
Actor goon-402005736, parts = ['modelRoot'], LODs = ['lodRoot'], anims = ['walk', 'recovery', 'collapse']
[Actor goon--1, parts = ['modelRoot'], LODs = ['lodRoot'], anims = ['walk', 'recovery', 'collapse'], Actor goon--2, parts = ['modelRoot'], LODs = ['lodRoot'], anims = ['walk', 'recovery', 'collapse'], Actor goon--3, parts = ['modelRoot'], LODs = ['lodRoot'], anims = ['walk', 'recovery', 'collapse'], Actor goon-402005546, parts = ['modelRoot'], LODs = ['lodRoot'], anims = ['walk', 'recovery', 'collapse'], Actor goon-402005670, parts = ['modelRoot'], LODs = ['lodRoot'], anims = ['walk', 'recovery', 'collapse'], Actor goon-402005711, parts = ['modelRoot'], LODs = ['lodRoot'], anims = ['walk', 'recovery', 'collapse'], Actor goon-402005736, parts = ['modelRoot'], LODs = ['lodRoot'], anims = ['walk', 'recovery', 'collapse'], Actor goon-402005781, parts = ['modelRoot'], LODs = ['lodRoot'], anims = ['walk', 'recovery', 'collapse'], Actor goon-402005803, parts = ['modelRoot'], LODs = ['lodRoot'], anims = ['walk', 'recovery', 'collapse'], Actor goon-402005835, parts = ['modelRoot'], LODs = ['lodRoot'], anims = ['walk', 'recovery', 'collapse']]
///////////
///////////
Actor goon-402005736, parts = ['modelRoot'], LODs = ['lodRoot'], anims = ['walk', 'recovery', 'collapse']
[Actor goon--1, parts = ['modelRoot'], LODs = ['lodRoot'], anims = ['walk', 'recovery', 'collapse'], Actor goon--2, parts = ['modelRoot'], LODs = ['lodRoot'], anims = ['walk', 'recovery', 'collapse'], Actor goon--3, parts = ['modelRoot'], LODs = ['lodRoot'], anims = ['walk', 'recovery', 'collapse'], Actor goon-402005546, parts = ['modelRoot'], LODs = ['lodRoot'], anims = ['walk', 'recovery', 'collapse'], Actor goon-402005670, parts = ['modelRoot'], LODs = ['lodRoot'], anims = ['walk', 'recovery', 'collapse'], Actor goon-402005711, parts = ['modelRoot'], LODs = ['lodRoot'], anims = ['walk', 'recovery', 'collapse'], Actor goon-402005781, parts = ['modelRoot'], LODs = ['lodRoot'], anims = ['walk', 'recovery', 'collapse'], Actor goon-402005803, parts = ['modelRoot'], LODs = ['lodRoot'], anims = ['walk', 'recovery', 'collapse'], Actor goon-402005835, parts = ['modelRoot'], LODs = ['lodRoot'], anims = ['walk', 'recovery', 'collapse']]
///////////
///////////
Actor goon-402005803, parts = ['modelRoot'], LODs = ['lodRoot'], anims = ['walk', 'recovery', 'collapse']
[Actor goon--1, parts = ['modelRoot'], LODs = ['lodRoot'], anims = ['walk', 'recovery', 'collapse'], Actor goon--2, parts = ['modelRoot'], LODs = ['lodRoot'], anims = ['walk', 'recovery', 'collapse'], Actor goon--3, parts = ['modelRoot'], LODs = ['lodRoot'], anims = ['walk', 'recovery', 'collapse'], Actor goon-402005546, parts = ['modelRoot'], LODs = ['lodRoot'], anims = ['walk', 'recovery', 'collapse'], Actor goon-402005670, parts = ['modelRoot'], LODs = ['lodRoot'], anims = ['walk', 'recovery', 'collapse'], Actor goon-402005711, parts = ['modelRoot'], LODs = ['lodRoot'], anims = ['walk', 'recovery', 'collapse'], Actor goon-402005781, parts = ['modelRoot'], LODs = ['lodRoot'], anims = ['walk', 'recovery', 'collapse'], Actor goon-402005803, parts = ['modelRoot'], LODs = ['lodRoot'], anims = ['walk', 'recovery', 'collapse'], Actor goon-402005835, parts = ['modelRoot'], LODs = ['lodRoot'], anims = ['walk', 'recovery', 'collapse'], Actor goon-402005863, parts = ['modelRoot'], LODs = ['lodRoot'], anims = ['walk', 'recovery', 'collapse']]
///////////
///////////
Actor goon-402005803, parts = ['modelRoot'], LODs = ['lodRoot'], anims = ['walk', 'recovery', 'collapse']
[Actor goon--1, parts = ['modelRoot'], LODs = ['lodRoot'], anims = ['walk', 'recovery', 'collapse'], Actor goon--2, parts = ['modelRoot'], LODs = ['lodRoot'], anims = ['walk', 'recovery', 'collapse'], Actor goon--3, parts = ['modelRoot'], LODs = ['lodRoot'], anims = ['walk', 'recovery', 'collapse'], Actor goon-402005546, parts = ['modelRoot'], LODs = ['lodRoot'], anims = ['walk', 'recovery', 'collapse'], Actor goon-402005670, parts = ['modelRoot'], LODs = ['lodRoot'], anims = ['walk', 'recovery', 'collapse'], Actor goon-402005711, parts = ['modelRoot'], LODs = ['lodRoot'], anims = ['walk', 'recovery', 'collapse'], Actor goon-402005781, parts = ['modelRoot'], LODs = ['lodRoot'], anims = ['walk', 'recovery', 'collapse'], Actor goon-402005835, parts = ['modelRoot'], LODs = ['lodRoot'], anims = ['walk', 'recovery', 'collapse'], Actor goon-402005863, parts = ['modelRoot'], LODs = ['lodRoot'], anims = ['walk', 'recovery', 'collapse']]
///////////
///////////
Actor goon-402005711, parts = ['modelRoot'], LODs = ['lodRoot'], anims = ['walk', 'recovery', 'collapse']
[Actor goon--1, parts = ['modelRoot'], LODs = ['lodRoot'], anims = ['walk', 'recovery', 'collapse'], Actor goon--2, parts = ['modelRoot'], LODs = ['lodRoot'], anims = ['walk', 'recovery', 'collapse'], Actor goon--3, parts = ['modelRoot'], LODs = ['lodRoot'], anims = ['walk', 'recovery', 'collapse'], Actor goon-402005546, parts = ['modelRoot'], LODs = ['lodRoot'], anims = ['walk', 'recovery', 'collapse'], Actor goon-402005670, parts = ['modelRoot'], LODs = ['lodRoot'], anims = ['walk', 'recovery', 'collapse'], Actor goon-402005711, parts = ['modelRoot'], LODs = ['lodRoot'], anims = ['walk', 'recovery', 'collapse'], Actor goon-402005781, parts = ['modelRoot'], LODs = ['lodRoot'], anims = ['walk', 'recovery', 'collapse'], Actor goon-402005835, parts = ['modelRoot'], LODs = ['lodRoot'], anims = ['walk', 'recovery', 'collapse'], Actor goon-402005863, parts = ['modelRoot'], LODs = ['lodRoot'], anims = ['walk', 'recovery', 'collapse'], Actor goon-402005888, parts = ['modelRoot'], LODs = ['lodRoot'], anims = ['walk', 'recovery', 'collapse']]
///////////
///////////
Actor goon-402005711, parts = ['modelRoot'], LODs = ['lodRoot'], anims = ['walk', 'recovery', 'collapse']
[Actor goon--1, parts = ['modelRoot'], LODs = ['lodRoot'], anims = ['walk', 'recovery', 'collapse'], Actor goon--2, parts = ['modelRoot'], LODs = ['lodRoot'], anims = ['walk', 'recovery', 'collapse'], Actor goon--3, parts = ['modelRoot'], LODs = ['lodRoot'], anims = ['walk', 'recovery', 'collapse'], Actor goon-402005546, parts = ['modelRoot'], LODs = ['lodRoot'], anims = ['walk', 'recovery', 'collapse'], Actor goon-402005670, parts = ['modelRoot'], LODs = ['lodRoot'], anims = ['walk', 'recovery', 'collapse'], Actor goon-402005781, parts = ['modelRoot'], LODs = ['lodRoot'], anims = ['walk', 'recovery', 'collapse'], Actor goon-402005835, parts = ['modelRoot'], LODs = ['lodRoot'], anims = ['walk', 'recovery', 'collapse'], Actor goon-402005863, parts = ['modelRoot'], LODs = ['lodRoot'], anims = ['walk', 'recovery', 'collapse'], Actor goon-402005888, parts = ['modelRoot'], LODs = ['lodRoot'], anims = ['walk', 'recovery', 'collapse']]
///////////
frame rate: 152.7 fps|0.002d|26 avs||317|317||0x0000|0x0000|905.5MB|1793.5MB|32717.5MB|1176|nt.2.6.2|3.593,3.593|8,16 cpus|OpenGL
///////////
Actor goon-402005863, parts = ['modelRoot'], LODs = ['lodRoot'], anims = ['walk', 'recovery', 'collapse']
[Actor goon--1, parts = ['modelRoot'], LODs = ['lodRoot'], anims = ['walk', 'recovery', 'collapse'], Actor goon--2, parts = ['modelRoot'], LODs = ['lodRoot'], anims = ['walk', 'recovery', 'collapse'], Actor goon--3, parts = ['modelRoot'], LODs = ['lodRoot'], anims = ['walk', 'recovery', 'collapse'], Actor goon-402005546, parts = ['modelRoot'], LODs = ['lodRoot'], anims = ['walk', 'recovery', 'collapse'], Actor goon-402005670, parts = ['modelRoot'], LODs = ['lodRoot'], anims = ['walk', 'recovery', 'collapse'], Actor goon-402005781, parts = ['modelRoot'], LODs = ['lodRoot'], anims = ['walk', 'recovery', 'collapse'], Actor goon-402005835, parts = ['modelRoot'], LODs = ['lodRoot'], anims = ['walk', 'recovery', 'collapse'], Actor goon-402005863, parts = ['modelRoot'], LODs = ['lodRoot'], anims = ['walk', 'recovery', 'collapse'], Actor goon-402005888, parts = ['modelRoot'], LODs = ['lodRoot'], anims = ['walk', 'recovery', 'collapse'], Actor goon-402005891, parts = ['modelRoot'], LODs = ['lodRoot'], anims = ['walk', 'recovery', 'collapse'], Actor goon-402005921, parts = ['modelRoot'], LODs = ['lodRoot'], anims = ['walk', 'recovery', 'collapse']]
///////////
///////////
Actor goon-402005863, parts = ['modelRoot'], LODs = ['lodRoot'], anims = ['walk', 'recovery', 'collapse']
[Actor goon--1, parts = ['modelRoot'], LODs = ['lodRoot'], anims = ['walk', 'recovery', 'collapse'], Actor goon--2, parts = ['modelRoot'], LODs = ['lodRoot'], anims = ['walk', 'recovery', 'collapse'], Actor goon--3, parts = ['modelRoot'], LODs = ['lodRoot'], anims = ['walk', 'recovery', 'collapse'], Actor goon-402005546, parts = ['modelRoot'], LODs = ['lodRoot'], anims = ['walk', 'recovery', 'collapse'], Actor goon-402005670, parts = ['modelRoot'], LODs = ['lodRoot'], anims = ['walk', 'recovery', 'collapse'], Actor goon-402005781, parts = ['modelRoot'], LODs = ['lodRoot'], anims = ['walk', 'recovery', 'collapse'], Actor goon-402005835, parts = ['modelRoot'], LODs = ['lodRoot'], anims = ['walk', 'recovery', 'collapse'], Actor goon-402005888, parts = ['modelRoot'], LODs = ['lodRoot'], anims = ['walk', 'recovery', 'collapse'], Actor goon-402005891, parts = ['modelRoot'], LODs = ['lodRoot'], anims = ['walk', 'recovery', 'collapse'], Actor goon-402005921, parts = ['modelRoot'], LODs = ['lodRoot'], anims = ['walk', 'recovery', 'collapse']]
///////////
///////////
Actor goon-402005781, parts = ['modelRoot'], LODs = ['lodRoot'], anims = ['walk', 'recovery', 'collapse']
[Actor goon--1, parts = ['modelRoot'], LODs = ['lodRoot'], anims = ['walk', 'recovery', 'collapse'], Actor goon--2, parts = ['modelRoot'], LODs = ['lodRoot'], anims = ['walk', 'recovery', 'collapse'], Actor goon--3, parts = ['modelRoot'], LODs = ['lodRoot'], anims = ['walk', 'recovery', 'collapse'], Actor goon-402005546, parts = ['modelRoot'], LODs = ['lodRoot'], anims = ['walk', 'recovery', 'collapse'], Actor goon-402005670, parts = ['modelRoot'], LODs = ['lodRoot'], anims = ['walk', 'recovery', 'collapse'], Actor goon-402005781, parts = ['modelRoot'], LODs = ['lodRoot'], anims = ['walk', 'recovery', 'collapse'], Actor goon-402005835, parts = ['modelRoot'], LODs = ['lodRoot'], anims = ['walk', 'recovery', 'collapse'], Actor goon-402005888, parts = ['modelRoot'], LODs = ['lodRoot'], anims = ['walk', 'recovery', 'collapse'], Actor goon-402005891, parts = ['modelRoot'], LODs = ['lodRoot'], anims = ['walk', 'recovery', 'collapse'], Actor goon-402005921, parts = ['modelRoot'], LODs = ['lodRoot'], anims = ['walk', 'recovery', 'collapse']]
///////////
///////////
Actor goon-402005781, parts = ['modelRoot'], LODs = ['lodRoot'], anims = ['walk', 'recovery', 'collapse']
[Actor goon--1, parts = ['modelRoot'], LODs = ['lodRoot'], anims = ['walk', 'recovery', 'collapse'], Actor goon--2, parts = ['modelRoot'], LODs = ['lodRoot'], anims = ['walk', 'recovery', 'collapse'], Actor goon--3, parts = ['modelRoot'], LODs = ['lodRoot'], anims = ['walk', 'recovery', 'collapse'], Actor goon-402005546, parts = ['modelRoot'], LODs = ['lodRoot'], anims = ['walk', 'recovery', 'collapse'], Actor goon-402005670, parts = ['modelRoot'], LODs = ['lodRoot'], anims = ['walk', 'recovery', 'collapse'], Actor goon-402005835, parts = ['modelRoot'], LODs = ['lodRoot'], anims = ['walk', 'recovery', 'collapse'], Actor goon-402005888, parts = ['modelRoot'], LODs = ['lodRoot'], anims = ['walk', 'recovery', 'collapse'], Actor goon-402005891, parts = ['modelRoot'], LODs = ['lodRoot'], anims = ['walk', 'recovery', 'collapse'], Actor goon-402005921, parts = ['modelRoot'], LODs = ['lodRoot'], anims = ['walk', 'recovery', 'collapse']]
///////////
///////////
Actor goon-402005670, parts = ['modelRoot'], LODs = ['lodRoot'], anims = ['walk', 'recovery', 'collapse']
[Actor goon--1, parts = ['modelRoot'], LODs = ['lodRoot'], anims = ['walk', 'recovery', 'collapse'], Actor goon--2, parts = ['modelRoot'], LODs = ['lodRoot'], anims = ['walk', 'recovery', 'collapse'], Actor goon--3, parts = ['modelRoot'], LODs = ['lodRoot'], anims = ['walk', 'recovery', 'collapse'], Actor goon-402005546, parts = ['modelRoot'], LODs = ['lodRoot'], anims = ['walk', 'recovery', 'collapse'], Actor goon-402005670, parts = ['modelRoot'], LODs = ['lodRoot'], anims = ['walk', 'recovery', 'collapse'], Actor goon-402005835, parts = ['modelRoot'], LODs = ['lodRoot'], anims = ['walk', 'recovery', 'collapse'], Actor goon-402005888, parts = ['modelRoot'], LODs = ['lodRoot'], anims = ['walk', 'recovery', 'collapse'], Actor goon-402005891, parts = ['modelRoot'], LODs = ['lodRoot'], anims = ['walk', 'recovery', 'collapse'], Actor goon-402005921, parts = ['modelRoot'], LODs = ['lodRoot'], anims = ['walk', 'recovery', 'collapse'], Actor goon-402005922, parts = ['modelRoot'], LODs = ['lodRoot'], anims = ['walk', 'recovery', 'collapse']]
///////////
///////////
Actor goon-402005670, parts = ['modelRoot'], LODs = ['lodRoot'], anims = ['walk', 'recovery', 'collapse']
[Actor goon--1, parts = ['modelRoot'], LODs = ['lodRoot'], anims = ['walk', 'recovery', 'collapse'], Actor goon--2, parts = ['modelRoot'], LODs = ['lodRoot'], anims = ['walk', 'recovery', 'collapse'], Actor goon--3, parts = ['modelRoot'], LODs = ['lodRoot'], anims = ['walk', 'recovery', 'collapse'], Actor goon-402005546, parts = ['modelRoot'], LODs = ['lodRoot'], anims = ['walk', 'recovery', 'collapse'], Actor goon-402005835, parts = ['modelRoot'], LODs = ['lodRoot'], anims = ['walk', 'recovery', 'collapse'], Actor goon-402005888, parts = ['modelRoot'], LODs = ['lodRoot'], anims = ['walk', 'recovery', 'collapse'], Actor goon-402005891, parts = ['modelRoot'], LODs = ['lodRoot'], anims = ['walk', 'recovery', 'collapse'], Actor goon-402005921, parts = ['modelRoot'], LODs = ['lodRoot'], anims = ['walk', 'recovery', 'collapse'], Actor goon-402005922, parts = ['modelRoot'], LODs = ['lodRoot'], anims = ['walk', 'recovery', 'collapse']]
///////////
///////////
Actor goon-402005835, parts = ['modelRoot'], LODs = ['lodRoot'], anims = ['walk', 'recovery', 'collapse']
[Actor goon--1, parts = ['modelRoot'], LODs = ['lodRoot'], anims = ['walk', 'recovery', 'collapse'], Actor goon--2, parts = ['modelRoot'], LODs = ['lodRoot'], anims = ['walk', 'recovery', 'collapse'], Actor goon--3, parts = ['modelRoot'], LODs = ['lodRoot'], anims = ['walk', 'recovery', 'collapse'], Actor goon-402005546, parts = ['modelRoot'], LODs = ['lodRoot'], anims = ['walk', 'recovery', 'collapse'], Actor goon-402005835, parts = ['modelRoot'], LODs = ['lodRoot'], anims = ['walk', 'recovery', 'collapse'], Actor goon-402005888, parts = ['modelRoot'], LODs = ['lodRoot'], anims = ['walk', 'recovery', 'collapse'], Actor goon-402005891, parts = ['modelRoot'], LODs = ['lodRoot'], anims = ['walk', 'recovery', 'collapse'], Actor goon-402005921, parts = ['modelRoot'], LODs = ['lodRoot'], anims = ['walk', 'recovery', 'collapse'], Actor goon-402005922, parts = ['modelRoot'], LODs = ['lodRoot'], anims = ['walk', 'recovery', 'collapse'], Actor goon-402005947, parts = ['modelRoot'], LODs = ['lodRoot'], anims = ['walk', 'recovery', 'collapse']]
///////////
///////////
Actor goon-402005835, parts = ['modelRoot'], LODs = ['lodRoot'], anims = ['walk', 'recovery', 'collapse']
[Actor goon--1, parts = ['modelRoot'], LODs = ['lodRoot'], anims = ['walk', 'recovery', 'collapse'], Actor goon--2, parts = ['modelRoot'], LODs = ['lodRoot'], anims = ['walk', 'recovery', 'collapse'], Actor goon--3, parts = ['modelRoot'], LODs = ['lodRoot'], anims = ['walk', 'recovery', 'collapse'], Actor goon-402005546, parts = ['modelRoot'], LODs = ['lodRoot'], anims = ['walk', 'recovery', 'collapse'], Actor goon-402005888, parts = ['modelRoot'], LODs = ['lodRoot'], anims = ['walk', 'recovery', 'collapse'], Actor goon-402005891, parts = ['modelRoot'], LODs = ['lodRoot'], anims = ['walk', 'recovery', 'collapse'], Actor goon-402005921, parts = ['modelRoot'], LODs = ['lodRoot'], anims = ['walk', 'recovery', 'collapse'], Actor goon-402005922, parts = ['modelRoot'], LODs = ['lodRoot'], anims = ['walk', 'recovery', 'collapse'], Actor goon-402005947, parts = ['modelRoot'], LODs = ['lodRoot'], anims = ['walk', 'recovery', 'collapse']]
///////////
///////////
Actor goon-402005891, parts = ['modelRoot'], LODs = ['lodRoot'], anims = ['walk', 'recovery', 'collapse']
[Actor goon--1, parts = ['modelRoot'], LODs = ['lodRoot'], anims = ['walk', 'recovery', 'collapse'], Actor goon--2, parts = ['modelRoot'], LODs = ['lodRoot'], anims = ['walk', 'recovery', 'collapse'], Actor goon--3, parts = ['modelRoot'], LODs = ['lodRoot'], anims = ['walk', 'recovery', 'collapse'], Actor goon-402005546, parts = ['modelRoot'], LODs = ['lodRoot'], anims = ['walk', 'recovery', 'collapse'], Actor goon-402005888, parts = ['modelRoot'], LODs = ['lodRoot'], anims = ['walk', 'recovery', 'collapse'], Actor goon-402005891, parts = ['modelRoot'], LODs = ['lodRoot'], anims = ['walk', 'recovery', 'collapse'], Actor goon-402005921, parts = ['modelRoot'], LODs = ['lodRoot'], anims = ['walk', 'recovery', 'collapse'], Actor goon-402005922, parts = ['modelRoot'], LODs = ['lodRoot'], anims = ['walk', 'recovery', 'collapse'], Actor goon-402005947, parts = ['modelRoot'], LODs = ['lodRoot'], anims = ['walk', 'recovery', 'collapse']]
///////////
///////////
Actor goon-402005891, parts = ['modelRoot'], LODs = ['lodRoot'], anims = ['walk', 'recovery', 'collapse']
[Actor goon--1, parts = ['modelRoot'], LODs = ['lodRoot'], anims = ['walk', 'recovery', 'collapse'], Actor goon--2, parts = ['modelRoot'], LODs = ['lodRoot'], anims = ['walk', 'recovery', 'collapse'], Actor goon--3, parts = ['modelRoot'], LODs = ['lodRoot'], anims = ['walk', 'recovery', 'collapse'], Actor goon-402005546, parts = ['modelRoot'], LODs = ['lodRoot'], anims = ['walk', 'recovery', 'collapse'], Actor goon-402005888, parts = ['modelRoot'], LODs = ['lodRoot'], anims = ['walk', 'recovery', 'collapse'], Actor goon-402005921, parts = ['modelRoot'], LODs = ['lodRoot'], anims = ['walk', 'recovery', 'collapse'], Actor goon-402005922, parts = ['modelRoot'], LODs = ['lodRoot'], anims = ['walk', 'recovery', 'collapse'], Actor goon-402005947, parts = ['modelRoot'], LODs = ['lodRoot'], anims = ['walk', 'recovery', 'collapse']]
///////////
///////////
Actor goon-402005921, parts = ['modelRoot'], LODs = ['lodRoot'], anims = ['walk', 'recovery', 'collapse']
[Actor goon--1, parts = ['modelRoot'], LODs = ['lodRoot'], anims = ['walk', 'recovery', 'collapse'], Actor goon--2, parts = ['modelRoot'], LODs = ['lodRoot'], anims = ['walk', 'recovery', 'collapse'], Actor goon--3, parts = ['modelRoot'], LODs = ['lodRoot'], anims = ['walk', 'recovery', 'collapse'], Actor goon-402005546, parts = ['modelRoot'], LODs = ['lodRoot'], anims = ['walk', 'recovery', 'collapse'], Actor goon-402005888, parts = ['modelRoot'], LODs = ['lodRoot'], anims = ['walk', 'recovery', 'collapse'], Actor goon-402005921, parts = ['modelRoot'], LODs = ['lodRoot'], anims = ['walk', 'recovery', 'collapse'], Actor goon-402005922, parts = ['modelRoot'], LODs = ['lodRoot'], anims = ['walk', 'recovery', 'collapse'], Actor goon-402005947, parts = ['modelRoot'], LODs = ['lodRoot'], anims = ['walk', 'recovery', 'collapse'], Actor goon-402005977, parts = ['modelRoot'], LODs = ['lodRoot'], anims = ['walk', 'recovery', 'collapse']]
///////////
///////////
Actor goon-402005921, parts = ['modelRoot'], LODs = ['lodRoot'], anims = ['walk', 'recovery', 'collapse']
[Actor goon--1, parts = ['modelRoot'], LODs = ['lodRoot'], anims = ['walk', 'recovery', 'collapse'], Actor goon--2, parts = ['modelRoot'], LODs = ['lodRoot'], anims = ['walk', 'recovery', 'collapse'], Actor goon--3, parts = ['modelRoot'], LODs = ['lodRoot'], anims = ['walk', 'recovery', 'collapse'], Actor goon-402005546, parts = ['modelRoot'], LODs = ['lodRoot'], anims = ['walk', 'recovery', 'collapse'], Actor goon-402005888, parts = ['modelRoot'], LODs = ['lodRoot'], anims = ['walk', 'recovery', 'collapse'], Actor goon-402005922, parts = ['modelRoot'], LODs = ['lodRoot'], anims = ['walk', 'recovery', 'collapse'], Actor goon-402005947, parts = ['modelRoot'], LODs = ['lodRoot'], anims = ['walk', 'recovery', 'collapse'], Actor goon-402005977, parts = ['modelRoot'], LODs = ['lodRoot'], anims = ['walk', 'recovery', 'collapse']]
///////////
///////////
Actor goon-402005977, parts = ['modelRoot'], LODs = ['lodRoot'], anims = ['walk', 'recovery', 'collapse']
[Actor goon--1, parts = ['modelRoot'], LODs = ['lodRoot'], anims = ['walk', 'recovery', 'collapse'], Actor goon--2, parts = ['modelRoot'], LODs = ['lodRoot'], anims = ['walk', 'recovery', 'collapse'], Actor goon--3, parts = ['modelRoot'], LODs = ['lodRoot'], anims = ['walk', 'recovery', 'collapse'], Actor goon-402005546, parts = ['modelRoot'], LODs = ['lodRoot'], anims = ['walk', 'recovery', 'collapse'], Actor goon-402005888, parts = ['modelRoot'], LODs = ['lodRoot'], anims = ['walk', 'recovery', 'collapse'], Actor goon-402005922, parts = ['modelRoot'], LODs = ['lodRoot'], anims = ['walk', 'recovery', 'collapse'], Actor goon-402005947, parts = ['modelRoot'], LODs = ['lodRoot'], anims = ['walk', 'recovery', 'collapse'], Actor goon-402005977, parts = ['modelRoot'], LODs = ['lodRoot'], anims = ['walk', 'recovery', 'collapse'], Actor goon-402005979, parts = ['modelRoot'], LODs = ['lodRoot'], anims = ['walk', 'recovery', 'collapse']]
///////////
///////////
Actor goon-402005977, parts = ['modelRoot'], LODs = ['lodRoot'], anims = ['walk', 'recovery', 'collapse']
[Actor goon--1, parts = ['modelRoot'], LODs = ['lodRoot'], anims = ['walk', 'recovery', 'collapse'], Actor goon--2, parts = ['modelRoot'], LODs = ['lodRoot'], anims = ['walk', 'recovery', 'collapse'], Actor goon--3, parts = ['modelRoot'], LODs = ['lodRoot'], anims = ['walk', 'recovery', 'collapse'], Actor goon-402005546, parts = ['modelRoot'], LODs = ['lodRoot'], anims = ['walk', 'recovery', 'collapse'], Actor goon-402005888, parts = ['modelRoot'], LODs = ['lodRoot'], anims = ['walk', 'recovery', 'collapse'], Actor goon-402005922, parts = ['modelRoot'], LODs = ['lodRoot'], anims = ['walk', 'recovery', 'collapse'], Actor goon-402005947, parts = ['modelRoot'], LODs = ['lodRoot'], anims = ['walk', 'recovery', 'collapse'], Actor goon-402005979, parts = ['modelRoot'], LODs = ['lodRoot'], anims = ['walk', 'recovery', 'collapse']]
///////////
///////////
Actor goon-402005979, parts = ['modelRoot'], LODs = ['lodRoot'], anims = ['walk', 'recovery', 'collapse']
[Actor goon--1, parts = ['modelRoot'], LODs = ['lodRoot'], anims = ['walk', 'recovery', 'collapse'], Actor goon--2, parts = ['modelRoot'], LODs = ['lodRoot'], anims = ['walk', 'recovery', 'collapse'], Actor goon--3, parts = ['modelRoot'], LODs = ['lodRoot'], anims = ['walk', 'recovery', 'collapse'], Actor goon-402005546, parts = ['modelRoot'], LODs = ['lodRoot'], anims = ['walk', 'recovery', 'collapse'], Actor goon-402005888, parts = ['modelRoot'], LODs = ['lodRoot'], anims = ['walk', 'recovery', 'collapse'], Actor goon-402005922, parts = ['modelRoot'], LODs = ['lodRoot'], anims = ['walk', 'recovery', 'collapse'], Actor goon-402005947, parts = ['modelRoot'], LODs = ['lodRoot'], anims = ['walk', 'recovery', 'collapse'], Actor goon-402005979, parts = ['modelRoot'], LODs = ['lodRoot'], anims = ['walk', 'recovery', 'collapse'], Actor goon-402006010, parts = ['modelRoot'], LODs = ['lodRoot'], anims = ['walk', 'recovery', 'collapse'], Actor goon-402006012, parts = ['modelRoot'], LODs = ['lodRoot'], anims = ['walk', 'recovery', 'collapse'], Actor goon-402006042, parts = ['modelRoot'], LODs = ['lodRoot'], anims = ['walk', 'recovery', 'collapse']]
///////////
///////////
Actor goon-402005979, parts = ['modelRoot'], LODs = ['lodRoot'], anims = ['walk', 'recovery', 'collapse']
[Actor goon--1, parts = ['modelRoot'], LODs = ['lodRoot'], anims = ['walk', 'recovery', 'collapse'], Actor goon--2, parts = ['modelRoot'], LODs = ['lodRoot'], anims = ['walk', 'recovery', 'collapse'], Actor goon--3, parts = ['modelRoot'], LODs = ['lodRoot'], anims = ['walk', 'recovery', 'collapse'], Actor goon-402005546, parts = ['modelRoot'], LODs = ['lodRoot'], anims = ['walk', 'recovery', 'collapse'], Actor goon-402005888, parts = ['modelRoot'], LODs = ['lodRoot'], anims = ['walk', 'recovery', 'collapse'], Actor goon-402005922, parts = ['modelRoot'], LODs = ['lodRoot'], anims = ['walk', 'recovery', 'collapse'], Actor goon-402005947, parts = ['modelRoot'], LODs = ['lodRoot'], anims = ['walk', 'recovery', 'collapse'], Actor goon-402006010, parts = ['modelRoot'], LODs = ['lodRoot'], anims = ['walk', 'recovery', 'collapse'], Actor goon-402006012, parts = ['modelRoot'], LODs = ['lodRoot'], anims = ['walk', 'recovery', 'collapse'], Actor goon-402006042, parts = ['modelRoot'], LODs = ['lodRoot'], anims = ['walk', 'recovery', 'collapse']]
///////////
///////////
Actor goon-402006042, parts = ['modelRoot'], LODs = ['lodRoot'], anims = ['walk', 'recovery', 'collapse']
[Actor goon--1, parts = ['modelRoot'], LODs = ['lodRoot'], anims = ['walk', 'recovery', 'collapse'], Actor goon--2, parts = ['modelRoot'], LODs = ['lodRoot'], anims = ['walk', 'recovery', 'collapse'], Actor goon--3, parts = ['modelRoot'], LODs = ['lodRoot'], anims = ['walk', 'recovery', 'collapse'], Actor goon-402005546, parts = ['modelRoot'], LODs = ['lodRoot'], anims = ['walk', 'recovery', 'collapse'], Actor goon-402005888, parts = ['modelRoot'], LODs = ['lodRoot'], anims = ['walk', 'recovery', 'collapse'], Actor goon-402005922, parts = ['modelRoot'], LODs = ['lodRoot'], anims = ['walk', 'recovery', 'collapse'], Actor goon-402005947, parts = ['modelRoot'], LODs = ['lodRoot'], anims = ['walk', 'recovery', 'collapse'], Actor goon-402006010, parts = ['modelRoot'], LODs = ['lodRoot'], anims = ['walk', 'recovery', 'collapse'], Actor goon-402006012, parts = ['modelRoot'], LODs = ['lodRoot'], anims = ['walk', 'recovery', 'collapse'], Actor goon-402006042, parts = ['modelRoot'], LODs = ['lodRoot'], anims = ['walk', 'recovery', 'collapse']]
///////////
///////////
Actor goon-402006042, parts = ['modelRoot'], LODs = ['lodRoot'], anims = ['walk', 'recovery', 'collapse']
[Actor goon--1, parts = ['modelRoot'], LODs = ['lodRoot'], anims = ['walk', 'recovery', 'collapse'], Actor goon--2, parts = ['modelRoot'], LODs = ['lodRoot'], anims = ['walk', 'recovery', 'collapse'], Actor goon--3, parts = ['modelRoot'], LODs = ['lodRoot'], anims = ['walk', 'recovery', 'collapse'], Actor goon-402005546, parts = ['modelRoot'], LODs = ['lodRoot'], anims = ['walk', 'recovery', 'collapse'], Actor goon-402005888, parts = ['modelRoot'], LODs = ['lodRoot'], anims = ['walk', 'recovery', 'collapse'], Actor goon-402005922, parts = ['modelRoot'], LODs = ['lodRoot'], anims = ['walk', 'recovery', 'collapse'], Actor goon-402005947, parts = ['modelRoot'], LODs = ['lodRoot'], anims = ['walk', 'recovery', 'collapse'], Actor goon-402006010, parts = ['modelRoot'], LODs = ['lodRoot'], anims = ['walk', 'recovery', 'collapse'], Actor goon-402006012, parts = ['modelRoot'], LODs = ['lodRoot'], anims = ['walk', 'recovery', 'collapse']]
///////////
///////////
Actor goon-402005888, parts = ['modelRoot'], LODs = ['lodRoot'], anims = ['walk', 'recovery', 'collapse']
[Actor goon--1, parts = ['modelRoot'], LODs = ['lodRoot'], anims = ['walk', 'recovery', 'collapse'], Actor goon--2, parts = ['modelRoot'], LODs = ['lodRoot'], anims = ['walk', 'recovery', 'collapse'], Actor goon--3, parts = ['modelRoot'], LODs = ['lodRoot'], anims = ['walk', 'recovery', 'collapse'], Actor goon-402005546, parts = ['modelRoot'], LODs = ['lodRoot'], anims = ['walk', 'recovery', 'collapse'], Actor goon-402005888, parts = ['modelRoot'], LODs = ['lodRoot'], anims = ['walk', 'recovery', 'collapse'], Actor goon-402005922, parts = ['modelRoot'], LODs = ['lodRoot'], anims = ['walk', 'recovery', 'collapse'], Actor goon-402005947, parts = ['modelRoot'], LODs = ['lodRoot'], anims = ['walk', 'recovery', 'collapse'], Actor goon-402006010, parts = ['modelRoot'], LODs = ['lodRoot'], anims = ['walk', 'recovery', 'collapse'], Actor goon-402006012, parts = ['modelRoot'], LODs = ['lodRoot'], anims = ['walk', 'recovery', 'collapse'], Actor goon-402006043, parts = ['modelRoot'], LODs = ['lodRoot'], anims = ['walk', 'recovery', 'collapse'], Actor goon-402006071, parts = ['modelRoot'], LODs = ['lodRoot'], anims = ['walk', 'recovery', 'collapse']]
///////////
///////////
Actor goon-402005888, parts = ['modelRoot'], LODs = ['lodRoot'], anims = ['walk', 'recovery', 'collapse']
[Actor goon--1, parts = ['modelRoot'], LODs = ['lodRoot'], anims = ['walk', 'recovery', 'collapse'], Actor goon--2, parts = ['modelRoot'], LODs = ['lodRoot'], anims = ['walk', 'recovery', 'collapse'], Actor goon--3, parts = ['modelRoot'], LODs = ['lodRoot'], anims = ['walk', 'recovery', 'collapse'], Actor goon-402005546, parts = ['modelRoot'], LODs = ['lodRoot'], anims = ['walk', 'recovery', 'collapse'], Actor goon-402005922, parts = ['modelRoot'], LODs = ['lodRoot'], anims = ['walk', 'recovery', 'collapse'], Actor goon-402005947, parts = ['modelRoot'], LODs = ['lodRoot'], anims = ['walk', 'recovery', 'collapse'], Actor goon-402006010, parts = ['modelRoot'], LODs = ['lodRoot'], anims = ['walk', 'recovery', 'collapse'], Actor goon-402006012, parts = ['modelRoot'], LODs = ['lodRoot'], anims = ['walk', 'recovery', 'collapse'], Actor goon-402006043, parts = ['modelRoot'], LODs = ['lodRoot'], anims = ['walk', 'recovery', 'collapse'], Actor goon-402006071, parts = ['modelRoot'], LODs = ['lodRoot'], anims = ['walk', 'recovery', 'collapse']]
///////////
///////////
Actor goon-402005546, parts = ['modelRoot'], LODs = ['lodRoot'], anims = ['walk', 'recovery', 'collapse']
[Actor goon--1, parts = ['modelRoot'], LODs = ['lodRoot'], anims = ['walk', 'recovery', 'collapse'], Actor goon--2, parts = ['modelRoot'], LODs = ['lodRoot'], anims = ['walk', 'recovery', 'collapse'], Actor goon--3, parts = ['modelRoot'], LODs = ['lodRoot'], anims = ['walk', 'recovery', 'collapse'], Actor goon-402005546, parts = ['modelRoot'], LODs = ['lodRoot'], anims = ['walk', 'recovery', 'collapse'], Actor goon-402005922, parts = ['modelRoot'], LODs = ['lodRoot'], anims = ['walk', 'recovery', 'collapse'], Actor goon-402005947, parts = ['modelRoot'], LODs = ['lodRoot'], anims = ['walk', 'recovery', 'collapse'], Actor goon-402006010, parts = ['modelRoot'], LODs = ['lodRoot'], anims = ['walk', 'recovery', 'collapse'], Actor goon-402006012, parts = ['modelRoot'], LODs = ['lodRoot'], anims = ['walk', 'recovery', 'collapse'], Actor goon-402006043, parts = ['modelRoot'], LODs = ['lodRoot'], anims = ['walk', 'recovery', 'collapse'], Actor goon-402006071, parts = ['modelRoot'], LODs = ['lodRoot'], anims = ['walk', 'recovery', 'collapse']]
///////////
///////////
Actor goon-402005546, parts = ['modelRoot'], LODs = ['lodRoot'], anims = ['walk', 'recovery', 'collapse']
[Actor goon--1, parts = ['modelRoot'], LODs = ['lodRoot'], anims = ['walk', 'recovery', 'collapse'], Actor goon--2, parts = ['modelRoot'], LODs = ['lodRoot'], anims = ['walk', 'recovery', 'collapse'], Actor goon--3, parts = ['modelRoot'], LODs = ['lodRoot'], anims = ['walk', 'recovery', 'collapse'], Actor goon-402005922, parts = ['modelRoot'], LODs = ['lodRoot'], anims = ['walk', 'recovery', 'collapse'], Actor goon-402005947, parts = ['modelRoot'], LODs = ['lodRoot'], anims = ['walk', 'recovery', 'collapse'], Actor goon-402006010, parts = ['modelRoot'], LODs = ['lodRoot'], anims = ['walk', 'recovery', 'collapse'], Actor goon-402006012, parts = ['modelRoot'], LODs = ['lodRoot'], anims = ['walk', 'recovery', 'collapse'], Actor goon-402006043, parts = ['modelRoot'], LODs = ['lodRoot'], anims = ['walk', 'recovery', 'collapse'], Actor goon-402006071, parts = ['modelRoot'], LODs = ['lodRoot'], anims = ['walk', 'recovery', 'collapse']]
///////////
///////////
Actor goon-402005922, parts = ['modelRoot'], LODs = ['lodRoot'], anims = ['walk', 'recovery', 'collapse']
[Actor goon--1, parts = ['modelRoot'], LODs = ['lodRoot'], anims = ['walk', 'recovery', 'collapse'], Actor goon--2, parts = ['modelRoot'], LODs = ['lodRoot'], anims = ['walk', 'recovery', 'collapse'], Actor goon--3, parts = ['modelRoot'], LODs = ['lodRoot'], anims = ['walk', 'recovery', 'collapse'], Actor goon-402005922, parts = ['modelRoot'], LODs = ['lodRoot'], anims = ['walk', 'recovery', 'collapse'], Actor goon-402005947, parts = ['modelRoot'], LODs = ['lodRoot'], anims = ['walk', 'recovery', 'collapse'], Actor goon-402006010, parts = ['modelRoot'], LODs = ['lodRoot'], anims = ['walk', 'recovery', 'collapse'], Actor goon-402006012, parts = ['modelRoot'], LODs = ['lodRoot'], anims = ['walk', 'recovery', 'collapse'], Actor goon-402006043, parts = ['modelRoot'], LODs = ['lodRoot'], anims = ['walk', 'recovery', 'collapse'], Actor goon-402006071, parts = ['modelRoot'], LODs = ['lodRoot'], anims = ['walk', 'recovery', 'collapse'], Actor goon-402006072, parts = ['modelRoot'], LODs = ['lodRoot'], anims = ['walk', 'recovery', 'collapse']]
///////////
///////////
Actor goon-402005922, parts = ['modelRoot'], LODs = ['lodRoot'], anims = ['walk', 'recovery', 'collapse']
[Actor goon--1, parts = ['modelRoot'], LODs = ['lodRoot'], anims = ['walk', 'recovery', 'collapse'], Actor goon--2, parts = ['modelRoot'], LODs = ['lodRoot'], anims = ['walk', 'recovery', 'collapse'], Actor goon--3, parts = ['modelRoot'], LODs = ['lodRoot'], anims = ['walk', 'recovery', 'collapse'], Actor goon-402005947, parts = ['modelRoot'], LODs = ['lodRoot'], anims = ['walk', 'recovery', 'collapse'], Actor goon-402006010, parts = ['modelRoot'], LODs = ['lodRoot'], anims = ['walk', 'recovery', 'collapse'], Actor goon-402006012, parts = ['modelRoot'], LODs = ['lodRoot'], anims = ['walk', 'recovery', 'collapse'], Actor goon-402006043, parts = ['modelRoot'], LODs = ['lodRoot'], anims = ['walk', 'recovery', 'collapse'], Actor goon-402006071, parts = ['modelRoot'], LODs = ['lodRoot'], anims = ['walk', 'recovery', 'collapse'], Actor goon-402006072, parts = ['modelRoot'], LODs = ['lodRoot'], anims = ['walk', 'recovery', 'collapse']]
///////////
///////////
Actor goon-402006012, parts = ['modelRoot'], LODs = ['lodRoot'], anims = ['walk', 'recovery', 'collapse']
[Actor goon--1, parts = ['modelRoot'], LODs = ['lodRoot'], anims = ['walk', 'recovery', 'collapse'], Actor goon--2, parts = ['modelRoot'], LODs = ['lodRoot'], anims = ['walk', 'recovery', 'collapse'], Actor goon--3, parts = ['modelRoot'], LODs = ['lodRoot'], anims = ['walk', 'recovery', 'collapse'], Actor goon-402005947, parts = ['modelRoot'], LODs = ['lodRoot'], anims = ['walk', 'recovery', 'collapse'], Actor goon-402006010, parts = ['modelRoot'], LODs = ['lodRoot'], anims = ['walk', 'recovery', 'collapse'], Actor goon-402006012, parts = ['modelRoot'], LODs = ['lodRoot'], anims = ['walk', 'recovery', 'collapse'], Actor goon-402006043, parts = ['modelRoot'], LODs = ['lodRoot'], anims = ['walk', 'recovery', 'collapse'], Actor goon-402006071, parts = ['modelRoot'], LODs = ['lodRoot'], anims = ['walk', 'recovery', 'collapse'], Actor goon-402006072, parts = ['modelRoot'], LODs = ['lodRoot'], anims = ['walk', 'recovery', 'collapse'], Actor goon-402006095, parts = ['modelRoot'], LODs = ['lodRoot'], anims = ['walk', 'recovery', 'collapse']]
///////////
///////////
Actor goon-402006012, parts = ['modelRoot'], LODs = ['lodRoot'], anims = ['walk', 'recovery', 'collapse']
[Actor goon--1, parts = ['modelRoot'], LODs = ['lodRoot'], anims = ['walk', 'recovery', 'collapse'], Actor goon--2, parts = ['modelRoot'], LODs = ['lodRoot'], anims = ['walk', 'recovery', 'collapse'], Actor goon--3, parts = ['modelRoot'], LODs = ['lodRoot'], anims = ['walk', 'recovery', 'collapse'], Actor goon-402005947, parts = ['modelRoot'], LODs = ['lodRoot'], anims = ['walk', 'recovery', 'collapse'], Actor goon-402006010, parts = ['modelRoot'], LODs = ['lodRoot'], anims = ['walk', 'recovery', 'collapse'], Actor goon-402006043, parts = ['modelRoot'], LODs = ['lodRoot'], anims = ['walk', 'recovery', 'collapse'], Actor goon-402006071, parts = ['modelRoot'], LODs = ['lodRoot'], anims = ['walk', 'recovery', 'collapse'], Actor goon-402006072, parts = ['modelRoot'], LODs = ['lodRoot'], anims = ['walk', 'recovery', 'collapse'], Actor goon-402006095, parts = ['modelRoot'], LODs = ['lodRoot'], anims = ['walk', 'recovery', 'collapse']]
///////////
///////////
Actor goon-402006095, parts = ['modelRoot'], LODs = ['lodRoot'], anims = ['walk', 'recovery', 'collapse']
[Actor goon--1, parts = ['modelRoot'], LODs = ['lodRoot'], anims = ['walk', 'recovery', 'collapse'], Actor goon--2, parts = ['modelRoot'], LODs = ['lodRoot'], anims = ['walk', 'recovery', 'collapse'], Actor goon--3, parts = ['modelRoot'], LODs = ['lodRoot'], anims = ['walk', 'recovery', 'collapse'], Actor goon-402005947, parts = ['modelRoot'], LODs = ['lodRoot'], anims = ['walk', 'recovery', 'collapse'], Actor goon-402006010, parts = ['modelRoot'], LODs = ['lodRoot'], anims = ['walk', 'recovery', 'collapse'], Actor goon-402006043, parts = ['modelRoot'], LODs = ['lodRoot'], anims = ['walk', 'recovery', 'collapse'], Actor goon-402006071, parts = ['modelRoot'], LODs = ['lodRoot'], anims = ['walk', 'recovery', 'collapse'], Actor goon-402006072, parts = ['modelRoot'], LODs = ['lodRoot'], anims = ['walk', 'recovery', 'collapse'], Actor goon-402006095, parts = ['modelRoot'], LODs = ['lodRoot'], anims = ['walk', 'recovery', 'collapse']]
///////////
///////////
Actor goon-402006095, parts = ['modelRoot'], LODs = ['lodRoot'], anims = ['walk', 'recovery', 'collapse']
[Actor goon--1, parts = ['modelRoot'], LODs = ['lodRoot'], anims = ['walk', 'recovery', 'collapse'], Actor goon--2, parts = ['modelRoot'], LODs = ['lodRoot'], anims = ['walk', 'recovery', 'collapse'], Actor goon--3, parts = ['modelRoot'], LODs = ['lodRoot'], anims = ['walk', 'recovery', 'collapse'], Actor goon-402005947, parts = ['modelRoot'], LODs = ['lodRoot'], anims = ['walk', 'recovery', 'collapse'], Actor goon-402006010, parts = ['modelRoot'], LODs = ['lodRoot'], anims = ['walk', 'recovery', 'collapse'], Actor goon-402006043, parts = ['modelRoot'], LODs = ['lodRoot'], anims = ['walk', 'recovery', 'collapse'], Actor goon-402006071, parts = ['modelRoot'], LODs = ['lodRoot'], anims = ['walk', 'recovery', 'collapse'], Actor goon-402006072, parts = ['modelRoot'], LODs = ['lodRoot'], anims = ['walk', 'recovery', 'collapse']]
///////////
///////////
Actor goon-402006043, parts = ['modelRoot'], LODs = ['lodRoot'], anims = ['walk', 'recovery', 'collapse']
[Actor goon--1, parts = ['modelRoot'], LODs = ['lodRoot'], anims = ['walk', 'recovery', 'collapse'], Actor goon--2, parts = ['modelRoot'], LODs = ['lodRoot'], anims = ['walk', 'recovery', 'collapse'], Actor goon--3, parts = ['modelRoot'], LODs = ['lodRoot'], anims = ['walk', 'recovery', 'collapse'], Actor goon-402005947, parts = ['modelRoot'], LODs = ['lodRoot'], anims = ['walk', 'recovery', 'collapse'], Actor goon-402006010, parts = ['modelRoot'], LODs = ['lodRoot'], anims = ['walk', 'recovery', 'collapse'], Actor goon-402006043, parts = ['modelRoot'], LODs = ['lodRoot'], anims = ['walk', 'recovery', 'collapse'], Actor goon-402006071, parts = ['modelRoot'], LODs = ['lodRoot'], anims = ['walk', 'recovery', 'collapse'], Actor goon-402006072, parts = ['modelRoot'], LODs = ['lodRoot'], anims = ['walk', 'recovery', 'collapse'], Actor goon-402006099, parts = ['modelRoot'], LODs = ['lodRoot'], anims = ['walk', 'recovery', 'collapse']]
///////////
///////////
Actor goon-402006043, parts = ['modelRoot'], LODs = ['lodRoot'], anims = ['walk', 'recovery', 'collapse']
[Actor goon--1, parts = ['modelRoot'], LODs = ['lodRoot'], anims = ['walk', 'recovery', 'collapse'], Actor goon--2, parts = ['modelRoot'], LODs = ['lodRoot'], anims = ['walk', 'recovery', 'collapse'], Actor goon--3, parts = ['modelRoot'], LODs = ['lodRoot'], anims = ['walk', 'recovery', 'collapse'], Actor goon-402005947, parts = ['modelRoot'], LODs = ['lodRoot'], anims = ['walk', 'recovery', 'collapse'], Actor goon-402006010, parts = ['modelRoot'], LODs = ['lodRoot'], anims = ['walk', 'recovery', 'collapse'], Actor goon-402006071, parts = ['modelRoot'], LODs = ['lodRoot'], anims = ['walk', 'recovery', 'collapse'], Actor goon-402006072, parts = ['modelRoot'], LODs = ['lodRoot'], anims = ['walk', 'recovery', 'collapse'], Actor goon-402006099, parts = ['modelRoot'], LODs = ['lodRoot'], anims = ['walk', 'recovery', 'collapse']]
///////////
///////////
Actor goon-402006071, parts = ['modelRoot'], LODs = ['lodRoot'], anims = ['walk', 'recovery', 'collapse']
[Actor goon--1, parts = ['modelRoot'], LODs = ['lodRoot'], anims = ['walk', 'recovery', 'collapse'], Actor goon--2, parts = ['modelRoot'], LODs = ['lodRoot'], anims = ['walk', 'recovery', 'collapse'], Actor goon--3, parts = ['modelRoot'], LODs = ['lodRoot'], anims = ['walk', 'recovery', 'collapse'], Actor goon-402005947, parts = ['modelRoot'], LODs = ['lodRoot'], anims = ['walk', 'recovery', 'collapse'], Actor goon-402006010, parts = ['modelRoot'], LODs = ['lodRoot'], anims = ['walk', 'recovery', 'collapse'], Actor goon-402006071, parts = ['modelRoot'], LODs = ['lodRoot'], anims = ['walk', 'recovery', 'collapse'], Actor goon-402006072, parts = ['modelRoot'], LODs = ['lodRoot'], anims = ['walk', 'recovery', 'collapse'], Actor goon-402006099, parts = ['modelRoot'], LODs = ['lodRoot'], anims = ['walk', 'recovery', 'collapse']]
///////////
///////////
Actor goon-402006071, parts = ['modelRoot'], LODs = ['lodRoot'], anims = ['walk', 'recovery', 'collapse']
[Actor goon--1, parts = ['modelRoot'], LODs = ['lodRoot'], anims = ['walk', 'recovery', 'collapse'], Actor goon--2, parts = ['modelRoot'], LODs = ['lodRoot'], anims = ['walk', 'recovery', 'collapse'], Actor goon--3, parts = ['modelRoot'], LODs = ['lodRoot'], anims = ['walk', 'recovery', 'collapse'], Actor goon-402005947, parts = ['modelRoot'], LODs = ['lodRoot'], anims = ['walk', 'recovery', 'collapse'], Actor goon-402006010, parts = ['modelRoot'], LODs = ['lodRoot'], anims = ['walk', 'recovery', 'collapse'], Actor goon-402006072, parts = ['modelRoot'], LODs = ['lodRoot'], anims = ['walk', 'recovery', 'collapse'], Actor goon-402006099, parts = ['modelRoot'], LODs = ['lodRoot'], anims = ['walk', 'recovery', 'collapse']]
///////////
///////////
Actor goon-402005947, parts = ['modelRoot'], LODs = ['lodRoot'], anims = ['walk', 'recovery', 'collapse']
[Actor goon--1, parts = ['modelRoot'], LODs = ['lodRoot'], anims = ['walk', 'recovery', 'collapse'], Actor goon--2, parts = ['modelRoot'], LODs = ['lodRoot'], anims = ['walk', 'recovery', 'collapse'], Actor goon--3, parts = ['modelRoot'], LODs = ['lodRoot'], anims = ['walk', 'recovery', 'collapse'], Actor goon-402005947, parts = ['modelRoot'], LODs = ['lodRoot'], anims = ['walk', 'recovery', 'collapse'], Actor goon-402006010, parts = ['modelRoot'], LODs = ['lodRoot'], anims = ['walk', 'recovery', 'collapse'], Actor goon-402006072, parts = ['modelRoot'], LODs = ['lodRoot'], anims = ['walk', 'recovery', 'collapse'], Actor goon-402006099, parts = ['modelRoot'], LODs = ['lodRoot'], anims = ['walk', 'recovery', 'collapse'], Actor goon-402006126, parts = ['modelRoot'], LODs = ['lodRoot'], anims = ['walk', 'recovery', 'collapse']]
///////////
///////////
Actor goon-402005947, parts = ['modelRoot'], LODs = ['lodRoot'], anims = ['walk', 'recovery', 'collapse']
[Actor goon--1, parts = ['modelRoot'], LODs = ['lodRoot'], anims = ['walk', 'recovery', 'collapse'], Actor goon--2, parts = ['modelRoot'], LODs = ['lodRoot'], anims = ['walk', 'recovery', 'collapse'], Actor goon--3, parts = ['modelRoot'], LODs = ['lodRoot'], anims = ['walk', 'recovery', 'collapse'], Actor goon-402006010, parts = ['modelRoot'], LODs = ['lodRoot'], anims = ['walk', 'recovery', 'collapse'], Actor goon-402006072, parts = ['modelRoot'], LODs = ['lodRoot'], anims = ['walk', 'recovery', 'collapse'], Actor goon-402006099, parts = ['modelRoot'], LODs = ['lodRoot'], anims = ['walk', 'recovery', 'collapse'], Actor goon-402006126, parts = ['modelRoot'], LODs = ['lodRoot'], anims = ['walk', 'recovery', 'collapse']]
///////////
///////////
Actor goon-402006010, parts = ['modelRoot'], LODs = ['lodRoot'], anims = ['walk', 'recovery', 'collapse']
[Actor goon--1, parts = ['modelRoot'], LODs = ['lodRoot'], anims = ['walk', 'recovery', 'collapse'], Actor goon--2, parts = ['modelRoot'], LODs = ['lodRoot'], anims = ['walk', 'recovery', 'collapse'], Actor goon--3, parts = ['modelRoot'], LODs = ['lodRoot'], anims = ['walk', 'recovery', 'collapse'], Actor goon-402006010, parts = ['modelRoot'], LODs = ['lodRoot'], anims = ['walk', 'recovery', 'collapse'], Actor goon-402006072, parts = ['modelRoot'], LODs = ['lodRoot'], anims = ['walk', 'recovery', 'collapse'], Actor goon-402006099, parts = ['modelRoot'], LODs = ['lodRoot'], anims = ['walk', 'recovery', 'collapse'], Actor goon-402006126, parts = ['modelRoot'], LODs = ['lodRoot'], anims = ['walk', 'recovery', 'collapse'], Actor goon-402006129, parts = ['modelRoot'], LODs = ['lodRoot'], anims = ['walk', 'recovery', 'collapse']]
///////////
///////////
Actor goon-402006010, parts = ['modelRoot'], LODs = ['lodRoot'], anims = ['walk', 'recovery', 'collapse']
[Actor goon--1, parts = ['modelRoot'], LODs = ['lodRoot'], anims = ['walk', 'recovery', 'collapse'], Actor goon--2, parts = ['modelRoot'], LODs = ['lodRoot'], anims = ['walk', 'recovery', 'collapse'], Actor goon--3, parts = ['modelRoot'], LODs = ['lodRoot'], anims = ['walk', 'recovery', 'collapse'], Actor goon-402006072, parts = ['modelRoot'], LODs = ['lodRoot'], anims = ['walk', 'recovery', 'collapse'], Actor goon-402006099, parts = ['modelRoot'], LODs = ['lodRoot'], anims = ['walk', 'recovery', 'collapse'], Actor goon-402006126, parts = ['modelRoot'], LODs = ['lodRoot'], anims = ['walk', 'recovery', 'collapse'], Actor goon-402006129, parts = ['modelRoot'], LODs = ['lodRoot'], anims = ['walk', 'recovery', 'collapse']]
///////////
///////////
Actor goon-402006129, parts = ['modelRoot'], LODs = ['lodRoot'], anims = ['walk', 'recovery', 'collapse']
[Actor goon--1, parts = ['modelRoot'], LODs = ['lodRoot'], anims = ['walk', 'recovery', 'collapse'], Actor goon--2, parts = ['modelRoot'], LODs = ['lodRoot'], anims = ['walk', 'recovery', 'collapse'], Actor goon--3, parts = ['modelRoot'], LODs = ['lodRoot'], anims = ['walk', 'recovery', 'collapse'], Actor goon-402006072, parts = ['modelRoot'], LODs = ['lodRoot'], anims = ['walk', 'recovery', 'collapse'], Actor goon-402006099, parts = ['modelRoot'], LODs = ['lodRoot'], anims = ['walk', 'recovery', 'collapse'], Actor goon-402006126, parts = ['modelRoot'], LODs = ['lodRoot'], anims = ['walk', 'recovery', 'collapse'], Actor goon-402006129, parts = ['modelRoot'], LODs = ['lodRoot'], anims = ['walk', 'recovery', 'collapse']]
///////////
///////////
Actor goon-402006129, parts = ['modelRoot'], LODs = ['lodRoot'], anims = ['walk', 'recovery', 'collapse']
[Actor goon--1, parts = ['modelRoot'], LODs = ['lodRoot'], anims = ['walk', 'recovery', 'collapse'], Actor goon--2, parts = ['modelRoot'], LODs = ['lodRoot'], anims = ['walk', 'recovery', 'collapse'], Actor goon--3, parts = ['modelRoot'], LODs = ['lodRoot'], anims = ['walk', 'recovery', 'collapse'], Actor goon-402006072, parts = ['modelRoot'], LODs = ['lodRoot'], anims = ['walk', 'recovery', 'collapse'], Actor goon-402006099, parts = ['modelRoot'], LODs = ['lodRoot'], anims = ['walk', 'recovery', 'collapse'], Actor goon-402006126, parts = ['modelRoot'], LODs = ['lodRoot'], anims = ['walk', 'recovery', 'collapse']]
///////////
///////////
Actor goon-402006072, parts = ['modelRoot'], LODs = ['lodRoot'], anims = ['walk', 'recovery', 'collapse']
[Actor goon--1, parts = ['modelRoot'], LODs = ['lodRoot'], anims = ['walk', 'recovery', 'collapse'], Actor goon--2, parts = ['modelRoot'], LODs = ['lodRoot'], anims = ['walk', 'recovery', 'collapse'], Actor goon--3, parts = ['modelRoot'], LODs = ['lodRoot'], anims = ['walk', 'recovery', 'collapse'], Actor goon-402006072, parts = ['modelRoot'], LODs = ['lodRoot'], anims = ['walk', 'recovery', 'collapse'], Actor goon-402006099, parts = ['modelRoot'], LODs = ['lodRoot'], anims = ['walk', 'recovery', 'collapse'], Actor goon-402006126, parts = ['modelRoot'], LODs = ['lodRoot'], anims = ['walk', 'recovery', 'collapse']]
///////////
///////////
Actor goon-402006126, parts = ['modelRoot'], LODs = ['lodRoot'], anims = ['walk', 'recovery', 'collapse']
[Actor goon--1, parts = ['modelRoot'], LODs = ['lodRoot'], anims = ['walk', 'recovery', 'collapse'], Actor goon--2, parts = ['modelRoot'], LODs = ['lodRoot'], anims = ['walk', 'recovery', 'collapse'], Actor goon--3, parts = ['modelRoot'], LODs = ['lodRoot'], anims = ['walk', 'recovery', 'collapse'], Actor goon-402006099, parts = ['modelRoot'], LODs = ['lodRoot'], anims = ['walk', 'recovery', 'collapse'], Actor goon-402006126, parts = ['modelRoot'], LODs = ['lodRoot'], anims = ['walk', 'recovery', 'collapse'], Actor goon-402006184, parts = ['modelRoot'], LODs = ['lodRoot'], anims = ['walk', 'recovery', 'collapse'], Actor goon-402006186, parts = ['modelRoot'], LODs = ['lodRoot'], anims = ['walk', 'recovery', 'collapse']]
///////////
///////////
Actor goon-402006126, parts = ['modelRoot'], LODs = ['lodRoot'], anims = ['walk', 'recovery', 'collapse']
[Actor goon--1, parts = ['modelRoot'], LODs = ['lodRoot'], anims = ['walk', 'recovery', 'collapse'], Actor goon--2, parts = ['modelRoot'], LODs = ['lodRoot'], anims = ['walk', 'recovery', 'collapse'], Actor goon--3, parts = ['modelRoot'], LODs = ['lodRoot'], anims = ['walk', 'recovery', 'collapse'], Actor goon-402006099, parts = ['modelRoot'], LODs = ['lodRoot'], anims = ['walk', 'recovery', 'collapse'], Actor goon-402006184, parts = ['modelRoot'], LODs = ['lodRoot'], anims = ['walk', 'recovery', 'collapse'], Actor goon-402006186, parts = ['modelRoot'], LODs = ['lodRoot'], anims = ['walk', 'recovery', 'collapse']]
///////////
///////////
Actor goon-402006186, parts = ['modelRoot'], LODs = ['lodRoot'], anims = ['walk', 'recovery', 'collapse']
[Actor goon--1, parts = ['modelRoot'], LODs = ['lodRoot'], anims = ['walk', 'recovery', 'collapse'], Actor goon--2, parts = ['modelRoot'], LODs = ['lodRoot'], anims = ['walk', 'recovery', 'collapse'], Actor goon--3, parts = ['modelRoot'], LODs = ['lodRoot'], anims = ['walk', 'recovery', 'collapse'], Actor goon-402006099, parts = ['modelRoot'], LODs = ['lodRoot'], anims = ['walk', 'recovery', 'collapse'], Actor goon-402006184, parts = ['modelRoot'], LODs = ['lodRoot'], anims = ['walk', 'recovery', 'collapse'], Actor goon-402006186, parts = ['modelRoot'], LODs = ['lodRoot'], anims = ['walk', 'recovery', 'collapse']]
///////////
///////////
Actor goon-402006184, parts = ['modelRoot'], LODs = ['lodRoot'], anims = ['walk', 'recovery', 'collapse']
[Actor goon--1, parts = ['modelRoot'], LODs = ['lodRoot'], anims = ['walk', 'recovery', 'collapse'], Actor goon--2, parts = ['modelRoot'], LODs = ['lodRoot'], anims = ['walk', 'recovery', 'collapse'], Actor goon--3, parts = ['modelRoot'], LODs = ['lodRoot'], anims = ['walk', 'recovery', 'collapse'], Actor goon-402006099, parts = ['modelRoot'], LODs = ['lodRoot'], anims = ['walk', 'recovery', 'collapse'], Actor goon-402006184, parts = ['modelRoot'], LODs = ['lodRoot'], anims = ['walk', 'recovery', 'collapse'], Actor goon-402006214, parts = ['modelRoot'], LODs = ['lodRoot'], anims = ['walk', 'recovery', 'collapse'], Actor goon-402006215, parts = ['modelRoot'], LODs = ['lodRoot'], anims = ['walk', 'recovery', 'collapse'], Actor goon-402006240, parts = ['modelRoot'], LODs = ['lodRoot'], anims = ['walk', 'recovery', 'collapse'], Actor goon-402006241, parts = ['modelRoot'], LODs = ['lodRoot'], anims = ['walk', 'recovery', 'collapse']]
///////////
///////////
Actor goon-402006240, parts = ['modelRoot'], LODs = ['lodRoot'], anims = ['walk', 'recovery', 'collapse']
[Actor goon--1, parts = ['modelRoot'], LODs = ['lodRoot'], anims = ['walk', 'recovery', 'collapse'], Actor goon--2, parts = ['modelRoot'], LODs = ['lodRoot'], anims = ['walk', 'recovery', 'collapse'], Actor goon--3, parts = ['modelRoot'], LODs = ['lodRoot'], anims = ['walk', 'recovery', 'collapse'], Actor goon-402006099, parts = ['modelRoot'], LODs = ['lodRoot'], anims = ['walk', 'recovery', 'collapse'], Actor goon-402006214, parts = ['modelRoot'], LODs = ['lodRoot'], anims = ['walk', 'recovery', 'collapse'], Actor goon-402006215, parts = ['modelRoot'], LODs = ['lodRoot'], anims = ['walk', 'recovery', 'collapse'], Actor goon-402006240, parts = ['modelRoot'], LODs = ['lodRoot'], anims = ['walk', 'recovery', 'collapse'], Actor goon-402006241, parts = ['modelRoot'], LODs = ['lodRoot'], anims = ['walk', 'recovery', 'collapse'], Actor goon-402006242, parts = ['modelRoot'], LODs = ['lodRoot'], anims = ['walk', 'recovery', 'collapse']]
///////////
///////////
Actor goon-402006240, parts = ['modelRoot'], LODs = ['lodRoot'], anims = ['walk', 'recovery', 'collapse']
[Actor goon--1, parts = ['modelRoot'], LODs = ['lodRoot'], anims = ['walk', 'recovery', 'collapse'], Actor goon--2, parts = ['modelRoot'], LODs = ['lodRoot'], anims = ['walk', 'recovery', 'collapse'], Actor goon--3, parts = ['modelRoot'], LODs = ['lodRoot'], anims = ['walk', 'recovery', 'collapse'], Actor goon-402006099, parts = ['modelRoot'], LODs = ['lodRoot'], anims = ['walk', 'recovery', 'collapse'], Actor goon-402006214, parts = ['modelRoot'], LODs = ['lodRoot'], anims = ['walk', 'recovery', 'collapse'], Actor goon-402006215, parts = ['modelRoot'], LODs = ['lodRoot'], anims = ['walk', 'recovery', 'collapse'], Actor goon-402006241, parts = ['modelRoot'], LODs = ['lodRoot'], anims = ['walk', 'recovery', 'collapse'], Actor goon-402006242, parts = ['modelRoot'], LODs = ['lodRoot'], anims = ['walk', 'recovery', 'collapse']]
///////////
///////////
Actor goon-402006242, parts = ['modelRoot'], LODs = ['lodRoot'], anims = ['walk', 'recovery', 'collapse']
[Actor goon--1, parts = ['modelRoot'], LODs = ['lodRoot'], anims = ['walk', 'recovery', 'collapse'], Actor goon--2, parts = ['modelRoot'], LODs = ['lodRoot'], anims = ['walk', 'recovery', 'collapse'], Actor goon--3, parts = ['modelRoot'], LODs = ['lodRoot'], anims = ['walk', 'recovery', 'collapse'], Actor goon-402006099, parts = ['modelRoot'], LODs = ['lodRoot'], anims = ['walk', 'recovery', 'collapse'], Actor goon-402006214, parts = ['modelRoot'], LODs = ['lodRoot'], anims = ['walk', 'recovery', 'collapse'], Actor goon-402006215, parts = ['modelRoot'], LODs = ['lodRoot'], anims = ['walk', 'recovery', 'collapse'], Actor goon-402006241, parts = ['modelRoot'], LODs = ['lodRoot'], anims = ['walk', 'recovery', 'collapse'], Actor goon-402006242, parts = ['modelRoot'], LODs = ['lodRoot'], anims = ['walk', 'recovery', 'collapse'], Actor goon-402006271, parts = ['modelRoot'], LODs = ['lodRoot'], anims = ['walk', 'recovery', 'collapse']]
///////////
///////////
Actor goon-402006242, parts = ['modelRoot'], LODs = ['lodRoot'], anims = ['walk', 'recovery', 'collapse']
[Actor goon--1, parts = ['modelRoot'], LODs = ['lodRoot'], anims = ['walk', 'recovery', 'collapse'], Actor goon--2, parts = ['modelRoot'], LODs = ['lodRoot'], anims = ['walk', 'recovery', 'collapse'], Actor goon--3, parts = ['modelRoot'], LODs = ['lodRoot'], anims = ['walk', 'recovery', 'collapse'], Actor goon-402006099, parts = ['modelRoot'], LODs = ['lodRoot'], anims = ['walk', 'recovery', 'collapse'], Actor goon-402006214, parts = ['modelRoot'], LODs = ['lodRoot'], anims = ['walk', 'recovery', 'collapse'], Actor goon-402006215, parts = ['modelRoot'], LODs = ['lodRoot'], anims = ['walk', 'recovery', 'collapse'], Actor goon-402006241, parts = ['modelRoot'], LODs = ['lodRoot'], anims = ['walk', 'recovery', 'collapse'], Actor goon-402006271, parts = ['modelRoot'], LODs = ['lodRoot'], anims = ['walk', 'recovery', 'collapse']]
///////////
///////////
Actor goon-402006271, parts = ['modelRoot'], LODs = ['lodRoot'], anims = ['walk', 'recovery', 'collapse']
[Actor goon--1, parts = ['modelRoot'], LODs = ['lodRoot'], anims = ['walk', 'recovery', 'collapse'], Actor goon--2, parts = ['modelRoot'], LODs = ['lodRoot'], anims = ['walk', 'recovery', 'collapse'], Actor goon--3, parts = ['modelRoot'], LODs = ['lodRoot'], anims = ['walk', 'recovery', 'collapse'], Actor goon-402006099, parts = ['modelRoot'], LODs = ['lodRoot'], anims = ['walk', 'recovery', 'collapse'], Actor goon-402006214, parts = ['modelRoot'], LODs = ['lodRoot'], anims = ['walk', 'recovery', 'collapse'], Actor goon-402006215, parts = ['modelRoot'], LODs = ['lodRoot'], anims = ['walk', 'recovery', 'collapse'], Actor goon-402006241, parts = ['modelRoot'], LODs = ['lodRoot'], anims = ['walk', 'recovery', 'collapse'], Actor goon-402006271, parts = ['modelRoot'], LODs = ['lodRoot'], anims = ['walk', 'recovery', 'collapse']]
///////////
///////////
Actor goon-402006271, parts = ['modelRoot'], LODs = ['lodRoot'], anims = ['walk', 'recovery', 'collapse']
[Actor goon--1, parts = ['modelRoot'], LODs = ['lodRoot'], anims = ['walk', 'recovery', 'collapse'], Actor goon--2, parts = ['modelRoot'], LODs = ['lodRoot'], anims = ['walk', 'recovery', 'collapse'], Actor goon--3, parts = ['modelRoot'], LODs = ['lodRoot'], anims = ['walk', 'recovery', 'collapse'], Actor goon-402006099, parts = ['modelRoot'], LODs = ['lodRoot'], anims = ['walk', 'recovery', 'collapse'], Actor goon-402006214, parts = ['modelRoot'], LODs = ['lodRoot'], anims = ['walk', 'recovery', 'collapse'], Actor goon-402006215, parts = ['modelRoot'], LODs = ['lodRoot'], anims = ['walk', 'recovery', 'collapse'], Actor goon-402006241, parts = ['modelRoot'], LODs = ['lodRoot'], anims = ['walk', 'recovery', 'collapse']]
///////////
///////////
Actor goon-402006099, parts = ['modelRoot'], LODs = ['lodRoot'], anims = ['walk', 'recovery', 'collapse']
[Actor goon--1, parts = ['modelRoot'], LODs = ['lodRoot'], anims = ['walk', 'recovery', 'collapse'], Actor goon--2, parts = ['modelRoot'], LODs = ['lodRoot'], anims = ['walk', 'recovery', 'collapse'], Actor goon--3, parts = ['modelRoot'], LODs = ['lodRoot'], anims = ['walk', 'recovery', 'collapse'], Actor goon-402006099, parts = ['modelRoot'], LODs = ['lodRoot'], anims = ['walk', 'recovery', 'collapse'], Actor goon-402006214, parts = ['modelRoot'], LODs = ['lodRoot'], anims = ['walk', 'recovery', 'collapse'], Actor goon-402006215, parts = ['modelRoot'], LODs = ['lodRoot'], anims = ['walk', 'recovery', 'collapse'], Actor goon-402006241, parts = ['modelRoot'], LODs = ['lodRoot'], anims = ['walk', 'recovery', 'collapse']]
///////////
///////////
Actor goon-402006099, parts = ['modelRoot'], LODs = ['lodRoot'], anims = ['walk', 'recovery', 'collapse']
[Actor goon--1, parts = ['modelRoot'], LODs = ['lodRoot'], anims = ['walk', 'recovery', 'collapse'], Actor goon--2, parts = ['modelRoot'], LODs = ['lodRoot'], anims = ['walk', 'recovery', 'collapse'], Actor goon--3, parts = ['modelRoot'], LODs = ['lodRoot'], anims = ['walk', 'recovery', 'collapse'], Actor goon-402006214, parts = ['modelRoot'], LODs = ['lodRoot'], anims = ['walk', 'recovery', 'collapse'], Actor goon-402006215, parts = ['modelRoot'], LODs = ['lodRoot'], anims = ['walk', 'recovery', 'collapse'], Actor goon-402006241, parts = ['modelRoot'], LODs = ['lodRoot'], anims = ['walk', 'recovery', 'collapse']]
///////////
///////////
Actor goon-402006215, parts = ['modelRoot'], LODs = ['lodRoot'], anims = ['walk', 'recovery', 'collapse']
[Actor goon--1, parts = ['modelRoot'], LODs = ['lodRoot'], anims = ['walk', 'recovery', 'collapse'], Actor goon--2, parts = ['modelRoot'], LODs = ['lodRoot'], anims = ['walk', 'recovery', 'collapse'], Actor goon--3, parts = ['modelRoot'], LODs = ['lodRoot'], anims = ['walk', 'recovery', 'collapse'], Actor goon-402006214, parts = ['modelRoot'], LODs = ['lodRoot'], anims = ['walk', 'recovery', 'collapse'], Actor goon-402006215, parts = ['modelRoot'], LODs = ['lodRoot'], anims = ['walk', 'recovery', 'collapse'], Actor goon-402006241, parts = ['modelRoot'], LODs = ['lodRoot'], anims = ['walk', 'recovery', 'collapse'], Actor goon-402006302, parts = ['modelRoot'], LODs = ['lodRoot'], anims = ['walk', 'recovery', 'collapse'], Actor goon-402006303, parts = ['modelRoot'], LODs = ['lodRoot'], anims = ['walk', 'recovery', 'collapse'], Actor goon-402006329, parts = ['modelRoot'], LODs = ['lodRoot'], anims = ['walk', 'recovery', 'collapse']]
///////////
///////////
Actor goon-402006215, parts = ['modelRoot'], LODs = ['lodRoot'], anims = ['walk', 'recovery', 'collapse']
[Actor goon--1, parts = ['modelRoot'], LODs = ['lodRoot'], anims = ['walk', 'recovery', 'collapse'], Actor goon--2, parts = ['modelRoot'], LODs = ['lodRoot'], anims = ['walk', 'recovery', 'collapse'], Actor goon--3, parts = ['modelRoot'], LODs = ['lodRoot'], anims = ['walk', 'recovery', 'collapse'], Actor goon-402006214, parts = ['modelRoot'], LODs = ['lodRoot'], anims = ['walk', 'recovery', 'collapse'], Actor goon-402006241, parts = ['modelRoot'], LODs = ['lodRoot'], anims = ['walk', 'recovery', 'collapse'], Actor goon-402006302, parts = ['modelRoot'], LODs = ['lodRoot'], anims = ['walk', 'recovery', 'collapse'], Actor goon-402006303, parts = ['modelRoot'], LODs = ['lodRoot'], anims = ['walk', 'recovery', 'collapse'], Actor goon-402006329, parts = ['modelRoot'], LODs = ['lodRoot'], anims = ['walk', 'recovery', 'collapse']]
///////////
///////////
Actor goon-402006302, parts = ['modelRoot'], LODs = ['lodRoot'], anims = ['walk', 'recovery', 'collapse']
[Actor goon--1, parts = ['modelRoot'], LODs = ['lodRoot'], anims = ['walk', 'recovery', 'collapse'], Actor goon--2, parts = ['modelRoot'], LODs = ['lodRoot'], anims = ['walk', 'recovery', 'collapse'], Actor goon--3, parts = ['modelRoot'], LODs = ['lodRoot'], anims = ['walk', 'recovery', 'collapse'], Actor goon-402006214, parts = ['modelRoot'], LODs = ['lodRoot'], anims = ['walk', 'recovery', 'collapse'], Actor goon-402006241, parts = ['modelRoot'], LODs = ['lodRoot'], anims = ['walk', 'recovery', 'collapse'], Actor goon-402006302, parts = ['modelRoot'], LODs = ['lodRoot'], anims = ['walk', 'recovery', 'collapse'], Actor goon-402006303, parts = ['modelRoot'], LODs = ['lodRoot'], anims = ['walk', 'recovery', 'collapse'], Actor goon-402006329, parts = ['modelRoot'], LODs = ['lodRoot'], anims = ['walk', 'recovery', 'collapse'], Actor goon-402006331, parts = ['modelRoot'], LODs = ['lodRoot'], anims = ['walk', 'recovery', 'collapse']]
///////////
///////////
Actor goon-402006302, parts = ['modelRoot'], LODs = ['lodRoot'], anims = ['walk', 'recovery', 'collapse']
[Actor goon--1, parts = ['modelRoot'], LODs = ['lodRoot'], anims = ['walk', 'recovery', 'collapse'], Actor goon--2, parts = ['modelRoot'], LODs = ['lodRoot'], anims = ['walk', 'recovery', 'collapse'], Actor goon--3, parts = ['modelRoot'], LODs = ['lodRoot'], anims = ['walk', 'recovery', 'collapse'], Actor goon-402006214, parts = ['modelRoot'], LODs = ['lodRoot'], anims = ['walk', 'recovery', 'collapse'], Actor goon-402006241, parts = ['modelRoot'], LODs = ['lodRoot'], anims = ['walk', 'recovery', 'collapse'], Actor goon-402006303, parts = ['modelRoot'], LODs = ['lodRoot'], anims = ['walk', 'recovery', 'collapse'], Actor goon-402006329, parts = ['modelRoot'], LODs = ['lodRoot'], anims = ['walk', 'recovery', 'collapse'], Actor goon-402006331, parts = ['modelRoot'], LODs = ['lodRoot'], anims = ['walk', 'recovery', 'collapse']]
///////////
///////////
Actor goon-402006241, parts = ['modelRoot'], LODs = ['lodRoot'], anims = ['walk', 'recovery', 'collapse']
[Actor goon--1, parts = ['modelRoot'], LODs = ['lodRoot'], anims = ['walk', 'recovery', 'collapse'], Actor goon--2, parts = ['modelRoot'], LODs = ['lodRoot'], anims = ['walk', 'recovery', 'collapse'], Actor goon--3, parts = ['modelRoot'], LODs = ['lodRoot'], anims = ['walk', 'recovery', 'collapse'], Actor goon-402006214, parts = ['modelRoot'], LODs = ['lodRoot'], anims = ['walk', 'recovery', 'collapse'], Actor goon-402006241, parts = ['modelRoot'], LODs = ['lodRoot'], anims = ['walk', 'recovery', 'collapse'], Actor goon-402006303, parts = ['modelRoot'], LODs = ['lodRoot'], anims = ['walk', 'recovery', 'collapse'], Actor goon-402006329, parts = ['modelRoot'], LODs = ['lodRoot'], anims = ['walk', 'recovery', 'collapse'], Actor goon-402006331, parts = ['modelRoot'], LODs = ['lodRoot'], anims = ['walk', 'recovery', 'collapse']]
///////////
///////////
Actor goon-402006241, parts = ['modelRoot'], LODs = ['lodRoot'], anims = ['walk', 'recovery', 'collapse']
[Actor goon--1, parts = ['modelRoot'], LODs = ['lodRoot'], anims = ['walk', 'recovery', 'collapse'], Actor goon--2, parts = ['modelRoot'], LODs = ['lodRoot'], anims = ['walk', 'recovery', 'collapse'], Actor goon--3, parts = ['modelRoot'], LODs = ['lodRoot'], anims = ['walk', 'recovery', 'collapse'], Actor goon-402006214, parts = ['modelRoot'], LODs = ['lodRoot'], anims = ['walk', 'recovery', 'collapse'], Actor goon-402006303, parts = ['modelRoot'], LODs = ['lodRoot'], anims = ['walk', 'recovery', 'collapse'], Actor goon-402006329, parts = ['modelRoot'], LODs = ['lodRoot'], anims = ['walk', 'recovery', 'collapse'], Actor goon-402006331, parts = ['modelRoot'], LODs = ['lodRoot'], anims = ['walk', 'recovery', 'collapse']]
///////////
///////////
Actor goon-402006329, parts = ['modelRoot'], LODs = ['lodRoot'], anims = ['walk', 'recovery', 'collapse']
[Actor goon--1, parts = ['modelRoot'], LODs = ['lodRoot'], anims = ['walk', 'recovery', 'collapse'], Actor goon--2, parts = ['modelRoot'], LODs = ['lodRoot'], anims = ['walk', 'recovery', 'collapse'], Actor goon--3, parts = ['modelRoot'], LODs = ['lodRoot'], anims = ['walk', 'recovery', 'collapse'], Actor goon-402006214, parts = ['modelRoot'], LODs = ['lodRoot'], anims = ['walk', 'recovery', 'collapse'], Actor goon-402006303, parts = ['modelRoot'], LODs = ['lodRoot'], anims = ['walk', 'recovery', 'collapse'], Actor goon-402006329, parts = ['modelRoot'], LODs = ['lodRoot'], anims = ['walk', 'recovery', 'collapse'], Actor goon-402006331, parts = ['modelRoot'], LODs = ['lodRoot'], anims = ['walk', 'recovery', 'collapse'], Actor goon-402006385, parts = ['modelRoot'], LODs = ['lodRoot'], anims = ['walk', 'recovery', 'collapse'], Actor goon-402006387, parts = ['modelRoot'], LODs = ['lodRoot'], anims = ['walk', 'recovery', 'collapse']]
///////////
///////////
Actor goon-402006329, parts = ['modelRoot'], LODs = ['lodRoot'], anims = ['walk', 'recovery', 'collapse']
[Actor goon--1, parts = ['modelRoot'], LODs = ['lodRoot'], anims = ['walk', 'recovery', 'collapse'], Actor goon--2, parts = ['modelRoot'], LODs = ['lodRoot'], anims = ['walk', 'recovery', 'collapse'], Actor goon--3, parts = ['modelRoot'], LODs = ['lodRoot'], anims = ['walk', 'recovery', 'collapse'], Actor goon-402006214, parts = ['modelRoot'], LODs = ['lodRoot'], anims = ['walk', 'recovery', 'collapse'], Actor goon-402006303, parts = ['modelRoot'], LODs = ['lodRoot'], anims = ['walk', 'recovery', 'collapse'], Actor goon-402006331, parts = ['modelRoot'], LODs = ['lodRoot'], anims = ['walk', 'recovery', 'collapse'], Actor goon-402006385, parts = ['modelRoot'], LODs = ['lodRoot'], anims = ['walk', 'recovery', 'collapse'], Actor goon-402006387, parts = ['modelRoot'], LODs = ['lodRoot'], anims = ['walk', 'recovery', 'collapse']]
///////////
///////////
Actor goon-402006303, parts = ['modelRoot'], LODs = ['lodRoot'], anims = ['walk', 'recovery', 'collapse']
[Actor goon--1, parts = ['modelRoot'], LODs = ['lodRoot'], anims = ['walk', 'recovery', 'collapse'], Actor goon--2, parts = ['modelRoot'], LODs = ['lodRoot'], anims = ['walk', 'recovery', 'collapse'], Actor goon--3, parts = ['modelRoot'], LODs = ['lodRoot'], anims = ['walk', 'recovery', 'collapse'], Actor goon-402006214, parts = ['modelRoot'], LODs = ['lodRoot'], anims = ['walk', 'recovery', 'collapse'], Actor goon-402006303, parts = ['modelRoot'], LODs = ['lodRoot'], anims = ['walk', 'recovery', 'collapse'], Actor goon-402006331, parts = ['modelRoot'], LODs = ['lodRoot'], anims = ['walk', 'recovery', 'collapse'], Actor goon-402006385, parts = ['modelRoot'], LODs = ['lodRoot'], anims = ['walk', 'recovery', 'collapse'], Actor goon-402006387, parts = ['modelRoot'], LODs = ['lodRoot'], anims = ['walk', 'recovery', 'collapse']]
///////////
///////////
Actor goon-402006303, parts = ['modelRoot'], LODs = ['lodRoot'], anims = ['walk', 'recovery', 'collapse']
[Actor goon--1, parts = ['modelRoot'], LODs = ['lodRoot'], anims = ['walk', 'recovery', 'collapse'], Actor goon--2, parts = ['modelRoot'], LODs = ['lodRoot'], anims = ['walk', 'recovery', 'collapse'], Actor goon--3, parts = ['modelRoot'], LODs = ['lodRoot'], anims = ['walk', 'recovery', 'collapse'], Actor goon-402006214, parts = ['modelRoot'], LODs = ['lodRoot'], anims = ['walk', 'recovery', 'collapse'], Actor goon-402006331, parts = ['modelRoot'], LODs = ['lodRoot'], anims = ['walk', 'recovery', 'collapse'], Actor goon-402006385, parts = ['modelRoot'], LODs = ['lodRoot'], anims = ['walk', 'recovery', 'collapse'], Actor goon-402006387, parts = ['modelRoot'], LODs = ['lodRoot'], anims = ['walk', 'recovery', 'collapse']]
///////////
///////////
Actor goon-402006331, parts = ['modelRoot'], LODs = ['lodRoot'], anims = ['walk', 'recovery', 'collapse']
[Actor goon--1, parts = ['modelRoot'], LODs = ['lodRoot'], anims = ['walk', 'recovery', 'collapse'], Actor goon--2, parts = ['modelRoot'], LODs = ['lodRoot'], anims = ['walk', 'recovery', 'collapse'], Actor goon--3, parts = ['modelRoot'], LODs = ['lodRoot'], anims = ['walk', 'recovery', 'collapse'], Actor goon-402006214, parts = ['modelRoot'], LODs = ['lodRoot'], anims = ['walk', 'recovery', 'collapse'], Actor goon-402006331, parts = ['modelRoot'], LODs = ['lodRoot'], anims = ['walk', 'recovery', 'collapse'], Actor goon-402006385, parts = ['modelRoot'], LODs = ['lodRoot'], anims = ['walk', 'recovery', 'collapse'], Actor goon-402006387, parts = ['modelRoot'], LODs = ['lodRoot'], anims = ['walk', 'recovery', 'collapse'], Actor goon-402006425, parts = ['modelRoot'], LODs = ['lodRoot'], anims = ['walk', 'recovery', 'collapse']]
///////////
///////////
Actor goon-402006331, parts = ['modelRoot'], LODs = ['lodRoot'], anims = ['walk', 'recovery', 'collapse']
[Actor goon--1, parts = ['modelRoot'], LODs = ['lodRoot'], anims = ['walk', 'recovery', 'collapse'], Actor goon--2, parts = ['modelRoot'], LODs = ['lodRoot'], anims = ['walk', 'recovery', 'collapse'], Actor goon--3, parts = ['modelRoot'], LODs = ['lodRoot'], anims = ['walk', 'recovery', 'collapse'], Actor goon-402006214, parts = ['modelRoot'], LODs = ['lodRoot'], anims = ['walk', 'recovery', 'collapse'], Actor goon-402006385, parts = ['modelRoot'], LODs = ['lodRoot'], anims = ['walk', 'recovery', 'collapse'], Actor goon-402006387, parts = ['modelRoot'], LODs = ['lodRoot'], anims = ['walk', 'recovery', 'collapse'], Actor goon-402006425, parts = ['modelRoot'], LODs = ['lodRoot'], anims = ['walk', 'recovery', 'collapse']]
///////////
///////////
Actor goon-402006385, parts = ['modelRoot'], LODs = ['lodRoot'], anims = ['walk', 'recovery', 'collapse']
[Actor goon--1, parts = ['modelRoot'], LODs = ['lodRoot'], anims = ['walk', 'recovery', 'collapse'], Actor goon--2, parts = ['modelRoot'], LODs = ['lodRoot'], anims = ['walk', 'recovery', 'collapse'], Actor goon--3, parts = ['modelRoot'], LODs = ['lodRoot'], anims = ['walk', 'recovery', 'collapse'], Actor goon-402006214, parts = ['modelRoot'], LODs = ['lodRoot'], anims = ['walk', 'recovery', 'collapse'], Actor goon-402006385, parts = ['modelRoot'], LODs = ['lodRoot'], anims = ['walk', 'recovery', 'collapse'], Actor goon-402006387, parts = ['modelRoot'], LODs = ['lodRoot'], anims = ['walk', 'recovery', 'collapse'], Actor goon-402006425, parts = ['modelRoot'], LODs = ['lodRoot'], anims = ['walk', 'recovery', 'collapse'], Actor goon-402006427, parts = ['modelRoot'], LODs = ['lodRoot'], anims = ['walk', 'recovery', 'collapse'], Actor goon-402006429, parts = ['modelRoot'], LODs = ['lodRoot'], anims = ['walk', 'recovery', 'collapse']]
///////////
///////////
Actor goon-402006385, parts = ['modelRoot'], LODs = ['lodRoot'], anims = ['walk', 'recovery', 'collapse']
[Actor goon--1, parts = ['modelRoot'], LODs = ['lodRoot'], anims = ['walk', 'recovery', 'collapse'], Actor goon--2, parts = ['modelRoot'], LODs = ['lodRoot'], anims = ['walk', 'recovery', 'collapse'], Actor goon--3, parts = ['modelRoot'], LODs = ['lodRoot'], anims = ['walk', 'recovery', 'collapse'], Actor goon-402006214, parts = ['modelRoot'], LODs = ['lodRoot'], anims = ['walk', 'recovery', 'collapse'], Actor goon-402006387, parts = ['modelRoot'], LODs = ['lodRoot'], anims = ['walk', 'recovery', 'collapse'], Actor goon-402006425, parts = ['modelRoot'], LODs = ['lodRoot'], anims = ['walk', 'recovery', 'collapse'], Actor goon-402006427, parts = ['modelRoot'], LODs = ['lodRoot'], anims = ['walk', 'recovery', 'collapse'], Actor goon-402006429, parts = ['modelRoot'], LODs = ['lodRoot'], anims = ['walk', 'recovery', 'collapse']]
///////////
///////////
Actor goon-402006214, parts = ['modelRoot'], LODs = ['lodRoot'], anims = ['walk', 'recovery', 'collapse']
[Actor goon--1, parts = ['modelRoot'], LODs = ['lodRoot'], anims = ['walk', 'recovery', 'collapse'], Actor goon--2, parts = ['modelRoot'], LODs = ['lodRoot'], anims = ['walk', 'recovery', 'collapse'], Actor goon--3, parts = ['modelRoot'], LODs = ['lodRoot'], anims = ['walk', 'recovery', 'collapse'], Actor goon-402006214, parts = ['modelRoot'], LODs = ['lodRoot'], anims = ['walk', 'recovery', 'collapse'], Actor goon-402006387, parts = ['modelRoot'], LODs = ['lodRoot'], anims = ['walk', 'recovery', 'collapse'], Actor goon-402006425, parts = ['modelRoot'], LODs = ['lodRoot'], anims = ['walk', 'recovery', 'collapse'], Actor goon-402006427, parts = ['modelRoot'], LODs = ['lodRoot'], anims = ['walk', 'recovery', 'collapse'], Actor goon-402006429, parts = ['modelRoot'], LODs = ['lodRoot'], anims = ['walk', 'recovery', 'collapse']]
///////////
///////////
Actor goon-402006214, parts = ['modelRoot'], LODs = ['lodRoot'], anims = ['walk', 'recovery', 'collapse']
[Actor goon--1, parts = ['modelRoot'], LODs = ['lodRoot'], anims = ['walk', 'recovery', 'collapse'], Actor goon--2, parts = ['modelRoot'], LODs = ['lodRoot'], anims = ['walk', 'recovery', 'collapse'], Actor goon--3, parts = ['modelRoot'], LODs = ['lodRoot'], anims = ['walk', 'recovery', 'collapse'], Actor goon-402006387, parts = ['modelRoot'], LODs = ['lodRoot'], anims = ['walk', 'recovery', 'collapse'], Actor goon-402006425, parts = ['modelRoot'], LODs = ['lodRoot'], anims = ['walk', 'recovery', 'collapse'], Actor goon-402006427, parts = ['modelRoot'], LODs = ['lodRoot'], anims = ['walk', 'recovery', 'collapse'], Actor goon-402006429, parts = ['modelRoot'], LODs = ['lodRoot'], anims = ['walk', 'recovery', 'collapse']]
///////////
///////////
Actor goon-402006429, parts = ['modelRoot'], LODs = ['lodRoot'], anims = ['walk', 'recovery', 'collapse']
[Actor goon--1, parts = ['modelRoot'], LODs = ['lodRoot'], anims = ['walk', 'recovery', 'collapse'], Actor goon--2, parts = ['modelRoot'], LODs = ['lodRoot'], anims = ['walk', 'recovery', 'collapse'], Actor goon--3, parts = ['modelRoot'], LODs = ['lodRoot'], anims = ['walk', 'recovery', 'collapse'], Actor goon-402006387, parts = ['modelRoot'], LODs = ['lodRoot'], anims = ['walk', 'recovery', 'collapse'], Actor goon-402006425, parts = ['modelRoot'], LODs = ['lodRoot'], anims = ['walk', 'recovery', 'collapse'], Actor goon-402006427, parts = ['modelRoot'], LODs = ['lodRoot'], anims = ['walk', 'recovery', 'collapse'], Actor goon-402006429, parts = ['modelRoot'], LODs = ['lodRoot'], anims = ['walk', 'recovery', 'collapse'], Actor goon-402006470, parts = ['modelRoot'], LODs = ['lodRoot'], anims = ['walk', 'recovery', 'collapse']]
///////////
///////////
Actor goon-402006429, parts = ['modelRoot'], LODs = ['lodRoot'], anims = ['walk', 'recovery', 'collapse']
[Actor goon--1, parts = ['modelRoot'], LODs = ['lodRoot'], anims = ['walk', 'recovery', 'collapse'], Actor goon--2, parts = ['modelRoot'], LODs = ['lodRoot'], anims = ['walk', 'recovery', 'collapse'], Actor goon--3, parts = ['modelRoot'], LODs = ['lodRoot'], anims = ['walk', 'recovery', 'collapse'], Actor goon-402006387, parts = ['modelRoot'], LODs = ['lodRoot'], anims = ['walk', 'recovery', 'collapse'], Actor goon-402006425, parts = ['modelRoot'], LODs = ['lodRoot'], anims = ['walk', 'recovery', 'collapse'], Actor goon-402006427, parts = ['modelRoot'], LODs = ['lodRoot'], anims = ['walk', 'recovery', 'collapse'], Actor goon-402006470, parts = ['modelRoot'], LODs = ['lodRoot'], anims = ['walk', 'recovery', 'collapse']]
///////////
///////////
Actor goon-402006425, parts = ['modelRoot'], LODs = ['lodRoot'], anims = ['walk', 'recovery', 'collapse']
[Actor goon--1, parts = ['modelRoot'], LODs = ['lodRoot'], anims = ['walk', 'recovery', 'collapse'], Actor goon--2, parts = ['modelRoot'], LODs = ['lodRoot'], anims = ['walk', 'recovery', 'collapse'], Actor goon--3, parts = ['modelRoot'], LODs = ['lodRoot'], anims = ['walk', 'recovery', 'collapse'], Actor goon-402006387, parts = ['modelRoot'], LODs = ['lodRoot'], anims = ['walk', 'recovery', 'collapse'], Actor goon-402006425, parts = ['modelRoot'], LODs = ['lodRoot'], anims = ['walk', 'recovery', 'collapse'], Actor goon-402006427, parts = ['modelRoot'], LODs = ['lodRoot'], anims = ['walk', 'recovery', 'collapse'], Actor goon-402006470, parts = ['modelRoot'], LODs = ['lodRoot'], anims = ['walk', 'recovery', 'collapse']]
///////////
///////////
Actor goon-402006425, parts = ['modelRoot'], LODs = ['lodRoot'], anims = ['walk', 'recovery', 'collapse']
[Actor goon--1, parts = ['modelRoot'], LODs = ['lodRoot'], anims = ['walk', 'recovery', 'collapse'], Actor goon--2, parts = ['modelRoot'], LODs = ['lodRoot'], anims = ['walk', 'recovery', 'collapse'], Actor goon--3, parts = ['modelRoot'], LODs = ['lodRoot'], anims = ['walk', 'recovery', 'collapse'], Actor goon-402006387, parts = ['modelRoot'], LODs = ['lodRoot'], anims = ['walk', 'recovery', 'collapse'], Actor goon-402006427, parts = ['modelRoot'], LODs = ['lodRoot'], anims = ['walk', 'recovery', 'collapse'], Actor goon-402006470, parts = ['modelRoot'], LODs = ['lodRoot'], anims = ['walk', 'recovery', 'collapse']]
///////////
frame rate: 163.4 fps|0.001d|26 avs||617|617||0x0000|0x0000|1006.7MB|1898.1MB|32717.5MB|1203|nt.2.6.2|3.593,3.593|8,16 cpus|OpenGL
///////////
Actor goon-402006387, parts = ['modelRoot'], LODs = ['lodRoot'], anims = ['walk', 'recovery', 'collapse']
[Actor goon--1, parts = ['modelRoot'], LODs = ['lodRoot'], anims = ['walk', 'recovery', 'collapse'], Actor goon--2, parts = ['modelRoot'], LODs = ['lodRoot'], anims = ['walk', 'recovery', 'collapse'], Actor goon--3, parts = ['modelRoot'], LODs = ['lodRoot'], anims = ['walk', 'recovery', 'collapse'], Actor goon-402006387, parts = ['modelRoot'], LODs = ['lodRoot'], anims = ['walk', 'recovery', 'collapse'], Actor goon-402006427, parts = ['modelRoot'], LODs = ['lodRoot'], anims = ['walk', 'recovery', 'collapse'], Actor goon-402006470, parts = ['modelRoot'], LODs = ['lodRoot'], anims = ['walk', 'recovery', 'collapse'], Actor goon-402006503, parts = ['modelRoot'], LODs = ['lodRoot'], anims = ['walk', 'recovery', 'collapse'], Actor goon-402006532, parts = ['modelRoot'], LODs = ['lodRoot'], anims = ['walk', 'recovery', 'collapse'], Actor goon-402006533, parts = ['modelRoot'], LODs = ['lodRoot'], anims = ['walk', 'recovery', 'collapse']]
///////////
///////////
Actor goon-402006470, parts = ['modelRoot'], LODs = ['lodRoot'], anims = ['walk', 'recovery', 'collapse']
[Actor goon--1, parts = ['modelRoot'], LODs = ['lodRoot'], anims = ['walk', 'recovery', 'collapse'], Actor goon--2, parts = ['modelRoot'], LODs = ['lodRoot'], anims = ['walk', 'recovery', 'collapse'], Actor goon--3, parts = ['modelRoot'], LODs = ['lodRoot'], anims = ['walk', 'recovery', 'collapse'], Actor goon-402006427, parts = ['modelRoot'], LODs = ['lodRoot'], anims = ['walk', 'recovery', 'collapse'], Actor goon-402006470, parts = ['modelRoot'], LODs = ['lodRoot'], anims = ['walk', 'recovery', 'collapse'], Actor goon-402006503, parts = ['modelRoot'], LODs = ['lodRoot'], anims = ['walk', 'recovery', 'collapse'], Actor goon-402006532, parts = ['modelRoot'], LODs = ['lodRoot'], anims = ['walk', 'recovery', 'collapse'], Actor goon-402006533, parts = ['modelRoot'], LODs = ['lodRoot'], anims = ['walk', 'recovery', 'collapse'], Actor goon-402006534, parts = ['modelRoot'], LODs = ['lodRoot'], anims = ['walk', 'recovery', 'collapse']]
///////////
///////////
Actor goon-402006533, parts = ['modelRoot'], LODs = ['lodRoot'], anims = ['walk', 'recovery', 'collapse']
[Actor goon--1, parts = ['modelRoot'], LODs = ['lodRoot'], anims = ['walk', 'recovery', 'collapse'], Actor goon--2, parts = ['modelRoot'], LODs = ['lodRoot'], anims = ['walk', 'recovery', 'collapse'], Actor goon--3, parts = ['modelRoot'], LODs = ['lodRoot'], anims = ['walk', 'recovery', 'collapse'], Actor goon-402006427, parts = ['modelRoot'], LODs = ['lodRoot'], anims = ['walk', 'recovery', 'collapse'], Actor goon-402006503, parts = ['modelRoot'], LODs = ['lodRoot'], anims = ['walk', 'recovery', 'collapse'], Actor goon-402006532, parts = ['modelRoot'], LODs = ['lodRoot'], anims = ['walk', 'recovery', 'collapse'], Actor goon-402006533, parts = ['modelRoot'], LODs = ['lodRoot'], anims = ['walk', 'recovery', 'collapse'], Actor goon-402006534, parts = ['modelRoot'], LODs = ['lodRoot'], anims = ['walk', 'recovery', 'collapse']]
///////////
///////////
Actor goon-402006534, parts = ['modelRoot'], LODs = ['lodRoot'], anims = ['walk', 'recovery', 'collapse']
[Actor goon--1, parts = ['modelRoot'], LODs = ['lodRoot'], anims = ['walk', 'recovery', 'collapse'], Actor goon--2, parts = ['modelRoot'], LODs = ['lodRoot'], anims = ['walk', 'recovery', 'collapse'], Actor goon--3, parts = ['modelRoot'], LODs = ['lodRoot'], anims = ['walk', 'recovery', 'collapse'], Actor goon-402006427, parts = ['modelRoot'], LODs = ['lodRoot'], anims = ['walk', 'recovery', 'collapse'], Actor goon-402006503, parts = ['modelRoot'], LODs = ['lodRoot'], anims = ['walk', 'recovery', 'collapse'], Actor goon-402006532, parts = ['modelRoot'], LODs = ['lodRoot'], anims = ['walk', 'recovery', 'collapse'], Actor goon-402006534, parts = ['modelRoot'], LODs = ['lodRoot'], anims = ['walk', 'recovery', 'collapse'], Actor goon-402006535, parts = ['modelRoot'], LODs = ['lodRoot'], anims = ['walk', 'recovery', 'collapse']]
///////////
///////////
Actor goon-402006532, parts = ['modelRoot'], LODs = ['lodRoot'], anims = ['walk', 'recovery', 'collapse']
[Actor goon--1, parts = ['modelRoot'], LODs = ['lodRoot'], anims = ['walk', 'recovery', 'collapse'], Actor goon--2, parts = ['modelRoot'], LODs = ['lodRoot'], anims = ['walk', 'recovery', 'collapse'], Actor goon--3, parts = ['modelRoot'], LODs = ['lodRoot'], anims = ['walk', 'recovery', 'collapse'], Actor goon-402006427, parts = ['modelRoot'], LODs = ['lodRoot'], anims = ['walk', 'recovery', 'collapse'], Actor goon-402006503, parts = ['modelRoot'], LODs = ['lodRoot'], anims = ['walk', 'recovery', 'collapse'], Actor goon-402006532, parts = ['modelRoot'], LODs = ['lodRoot'], anims = ['walk', 'recovery', 'collapse'], Actor goon-402006535, parts = ['modelRoot'], LODs = ['lodRoot'], anims = ['walk', 'recovery', 'collapse'], Actor goon-402006537, parts = ['modelRoot'], LODs = ['lodRoot'], anims = ['walk', 'recovery', 'collapse'], Actor goon-402006569, parts = ['modelRoot'], LODs = ['lodRoot'], anims = ['walk', 'recovery', 'collapse'], Actor goon-402006570, parts = ['modelRoot'], LODs = ['lodRoot'], anims = ['walk', 'recovery', 'collapse']]
///////////
///////////
Actor goon-402006532, parts = ['modelRoot'], LODs = ['lodRoot'], anims = ['walk', 'recovery', 'collapse']
[Actor goon--1, parts = ['modelRoot'], LODs = ['lodRoot'], anims = ['walk', 'recovery', 'collapse'], Actor goon--2, parts = ['modelRoot'], LODs = ['lodRoot'], anims = ['walk', 'recovery', 'collapse'], Actor goon--3, parts = ['modelRoot'], LODs = ['lodRoot'], anims = ['walk', 'recovery', 'collapse'], Actor goon-402006427, parts = ['modelRoot'], LODs = ['lodRoot'], anims = ['walk', 'recovery', 'collapse'], Actor goon-402006503, parts = ['modelRoot'], LODs = ['lodRoot'], anims = ['walk', 'recovery', 'collapse'], Actor goon-402006535, parts = ['modelRoot'], LODs = ['lodRoot'], anims = ['walk', 'recovery', 'collapse'], Actor goon-402006537, parts = ['modelRoot'], LODs = ['lodRoot'], anims = ['walk', 'recovery', 'collapse'], Actor goon-402006569, parts = ['modelRoot'], LODs = ['lodRoot'], anims = ['walk', 'recovery', 'collapse'], Actor goon-402006570, parts = ['modelRoot'], LODs = ['lodRoot'], anims = ['walk', 'recovery', 'collapse']]
///////////
///////////
Actor goon-402006537, parts = ['modelRoot'], LODs = ['lodRoot'], anims = ['walk', 'recovery', 'collapse']
[Actor goon--1, parts = ['modelRoot'], LODs = ['lodRoot'], anims = ['walk', 'recovery', 'collapse'], Actor goon--2, parts = ['modelRoot'], LODs = ['lodRoot'], anims = ['walk', 'recovery', 'collapse'], Actor goon--3, parts = ['modelRoot'], LODs = ['lodRoot'], anims = ['walk', 'recovery', 'collapse'], Actor goon-402006427, parts = ['modelRoot'], LODs = ['lodRoot'], anims = ['walk', 'recovery', 'collapse'], Actor goon-402006503, parts = ['modelRoot'], LODs = ['lodRoot'], anims = ['walk', 'recovery', 'collapse'], Actor goon-402006535, parts = ['modelRoot'], LODs = ['lodRoot'], anims = ['walk', 'recovery', 'collapse'], Actor goon-402006537, parts = ['modelRoot'], LODs = ['lodRoot'], anims = ['walk', 'recovery', 'collapse'], Actor goon-402006569, parts = ['modelRoot'], LODs = ['lodRoot'], anims = ['walk', 'recovery', 'collapse'], Actor goon-402006570, parts = ['modelRoot'], LODs = ['lodRoot'], anims = ['walk', 'recovery', 'collapse']]
///////////
///////////
Actor goon-402006537, parts = ['modelRoot'], LODs = ['lodRoot'], anims = ['walk', 'recovery', 'collapse']
[Actor goon--1, parts = ['modelRoot'], LODs = ['lodRoot'], anims = ['walk', 'recovery', 'collapse'], Actor goon--2, parts = ['modelRoot'], LODs = ['lodRoot'], anims = ['walk', 'recovery', 'collapse'], Actor goon--3, parts = ['modelRoot'], LODs = ['lodRoot'], anims = ['walk', 'recovery', 'collapse'], Actor goon-402006427, parts = ['modelRoot'], LODs = ['lodRoot'], anims = ['walk', 'recovery', 'collapse'], Actor goon-402006503, parts = ['modelRoot'], LODs = ['lodRoot'], anims = ['walk', 'recovery', 'collapse'], Actor goon-402006535, parts = ['modelRoot'], LODs = ['lodRoot'], anims = ['walk', 'recovery', 'collapse'], Actor goon-402006569, parts = ['modelRoot'], LODs = ['lodRoot'], anims = ['walk', 'recovery', 'collapse'], Actor goon-402006570, parts = ['modelRoot'], LODs = ['lodRoot'], anims = ['walk', 'recovery', 'collapse']]
///////////
///////////
Actor goon-402006535, parts = ['modelRoot'], LODs = ['lodRoot'], anims = ['walk', 'recovery', 'collapse']
[Actor goon--1, parts = ['modelRoot'], LODs = ['lodRoot'], anims = ['walk', 'recovery', 'collapse'], Actor goon--2, parts = ['modelRoot'], LODs = ['lodRoot'], anims = ['walk', 'recovery', 'collapse'], Actor goon--3, parts = ['modelRoot'], LODs = ['lodRoot'], anims = ['walk', 'recovery', 'collapse'], Actor goon-402006427, parts = ['modelRoot'], LODs = ['lodRoot'], anims = ['walk', 'recovery', 'collapse'], Actor goon-402006503, parts = ['modelRoot'], LODs = ['lodRoot'], anims = ['walk', 'recovery', 'collapse'], Actor goon-402006535, parts = ['modelRoot'], LODs = ['lodRoot'], anims = ['walk', 'recovery', 'collapse'], Actor goon-402006569, parts = ['modelRoot'], LODs = ['lodRoot'], anims = ['walk', 'recovery', 'collapse'], Actor goon-402006570, parts = ['modelRoot'], LODs = ['lodRoot'], anims = ['walk', 'recovery', 'collapse'], Actor goon-402006595, parts = ['modelRoot'], LODs = ['lodRoot'], anims = ['walk', 'recovery', 'collapse']]
///////////
///////////
Actor goon-402006535, parts = ['modelRoot'], LODs = ['lodRoot'], anims = ['walk', 'recovery', 'collapse']
[Actor goon--1, parts = ['modelRoot'], LODs = ['lodRoot'], anims = ['walk', 'recovery', 'collapse'], Actor goon--2, parts = ['modelRoot'], LODs = ['lodRoot'], anims = ['walk', 'recovery', 'collapse'], Actor goon--3, parts = ['modelRoot'], LODs = ['lodRoot'], anims = ['walk', 'recovery', 'collapse'], Actor goon-402006427, parts = ['modelRoot'], LODs = ['lodRoot'], anims = ['walk', 'recovery', 'collapse'], Actor goon-402006503, parts = ['modelRoot'], LODs = ['lodRoot'], anims = ['walk', 'recovery', 'collapse'], Actor goon-402006569, parts = ['modelRoot'], LODs = ['lodRoot'], anims = ['walk', 'recovery', 'collapse'], Actor goon-402006570, parts = ['modelRoot'], LODs = ['lodRoot'], anims = ['walk', 'recovery', 'collapse'], Actor goon-402006595, parts = ['modelRoot'], LODs = ['lodRoot'], anims = ['walk', 'recovery', 'collapse']]
///////////
///////////
Actor goon-402006622, parts = ['modelRoot'], LODs = ['lodRoot'], anims = ['walk', 'recovery', 'collapse']
[Actor goon--1, parts = ['modelRoot'], LODs = ['lodRoot'], anims = ['walk', 'recovery', 'collapse'], Actor goon--2, parts = ['modelRoot'], LODs = ['lodRoot'], anims = ['walk', 'recovery', 'collapse'], Actor goon--3, parts = ['modelRoot'], LODs = ['lodRoot'], anims = ['walk', 'recovery', 'collapse'], Actor goon-402006427, parts = ['modelRoot'], LODs = ['lodRoot'], anims = ['walk', 'recovery', 'collapse'], Actor goon-402006503, parts = ['modelRoot'], LODs = ['lodRoot'], anims = ['walk', 'recovery', 'collapse'], Actor goon-402006569, parts = ['modelRoot'], LODs = ['lodRoot'], anims = ['walk', 'recovery', 'collapse'], Actor goon-402006570, parts = ['modelRoot'], LODs = ['lodRoot'], anims = ['walk', 'recovery', 'collapse'], Actor goon-402006595, parts = ['modelRoot'], LODs = ['lodRoot'], anims = ['walk', 'recovery', 'collapse'], Actor goon-402006599, parts = ['modelRoot'], LODs = ['lodRoot'], anims = ['walk', 'recovery', 'collapse'], Actor goon-402006621, parts = ['modelRoot'], LODs = ['lodRoot'], anims = ['walk', 'recovery', 'collapse'], Actor goon-402006622, parts = ['modelRoot'], LODs = ['lodRoot'], anims = ['walk', 'recovery', 'collapse']]
///////////
///////////
Actor goon-402006622, parts = ['modelRoot'], LODs = ['lodRoot'], anims = ['walk', 'recovery', 'collapse']
[Actor goon--1, parts = ['modelRoot'], LODs = ['lodRoot'], anims = ['walk', 'recovery', 'collapse'], Actor goon--2, parts = ['modelRoot'], LODs = ['lodRoot'], anims = ['walk', 'recovery', 'collapse'], Actor goon--3, parts = ['modelRoot'], LODs = ['lodRoot'], anims = ['walk', 'recovery', 'collapse'], Actor goon-402006427, parts = ['modelRoot'], LODs = ['lodRoot'], anims = ['walk', 'recovery', 'collapse'], Actor goon-402006503, parts = ['modelRoot'], LODs = ['lodRoot'], anims = ['walk', 'recovery', 'collapse'], Actor goon-402006569, parts = ['modelRoot'], LODs = ['lodRoot'], anims = ['walk', 'recovery', 'collapse'], Actor goon-402006570, parts = ['modelRoot'], LODs = ['lodRoot'], anims = ['walk', 'recovery', 'collapse'], Actor goon-402006595, parts = ['modelRoot'], LODs = ['lodRoot'], anims = ['walk', 'recovery', 'collapse'], Actor goon-402006599, parts = ['modelRoot'], LODs = ['lodRoot'], anims = ['walk', 'recovery', 'collapse'], Actor goon-402006621, parts = ['modelRoot'], LODs = ['lodRoot'], anims = ['walk', 'recovery', 'collapse']]
///////////
///////////
Actor goon-402006595, parts = ['modelRoot'], LODs = ['lodRoot'], anims = ['walk', 'recovery', 'collapse']
[Actor goon--1, parts = ['modelRoot'], LODs = ['lodRoot'], anims = ['walk', 'recovery', 'collapse'], Actor goon--2, parts = ['modelRoot'], LODs = ['lodRoot'], anims = ['walk', 'recovery', 'collapse'], Actor goon--3, parts = ['modelRoot'], LODs = ['lodRoot'], anims = ['walk', 'recovery', 'collapse'], Actor goon-402006427, parts = ['modelRoot'], LODs = ['lodRoot'], anims = ['walk', 'recovery', 'collapse'], Actor goon-402006503, parts = ['modelRoot'], LODs = ['lodRoot'], anims = ['walk', 'recovery', 'collapse'], Actor goon-402006569, parts = ['modelRoot'], LODs = ['lodRoot'], anims = ['walk', 'recovery', 'collapse'], Actor goon-402006570, parts = ['modelRoot'], LODs = ['lodRoot'], anims = ['walk', 'recovery', 'collapse'], Actor goon-402006595, parts = ['modelRoot'], LODs = ['lodRoot'], anims = ['walk', 'recovery', 'collapse'], Actor goon-402006599, parts = ['modelRoot'], LODs = ['lodRoot'], anims = ['walk', 'recovery', 'collapse'], Actor goon-402006621, parts = ['modelRoot'], LODs = ['lodRoot'], anims = ['walk', 'recovery', 'collapse'], Actor goon-402006644, parts = ['modelRoot'], LODs = ['lodRoot'], anims = ['walk', 'recovery', 'collapse']]
///////////
///////////
Actor goon-402006595, parts = ['modelRoot'], LODs = ['lodRoot'], anims = ['walk', 'recovery', 'collapse']
[Actor goon--1, parts = ['modelRoot'], LODs = ['lodRoot'], anims = ['walk', 'recovery', 'collapse'], Actor goon--2, parts = ['modelRoot'], LODs = ['lodRoot'], anims = ['walk', 'recovery', 'collapse'], Actor goon--3, parts = ['modelRoot'], LODs = ['lodRoot'], anims = ['walk', 'recovery', 'collapse'], Actor goon-402006427, parts = ['modelRoot'], LODs = ['lodRoot'], anims = ['walk', 'recovery', 'collapse'], Actor goon-402006503, parts = ['modelRoot'], LODs = ['lodRoot'], anims = ['walk', 'recovery', 'collapse'], Actor goon-402006569, parts = ['modelRoot'], LODs = ['lodRoot'], anims = ['walk', 'recovery', 'collapse'], Actor goon-402006570, parts = ['modelRoot'], LODs = ['lodRoot'], anims = ['walk', 'recovery', 'collapse'], Actor goon-402006599, parts = ['modelRoot'], LODs = ['lodRoot'], anims = ['walk', 'recovery', 'collapse'], Actor goon-402006621, parts = ['modelRoot'], LODs = ['lodRoot'], anims = ['walk', 'recovery', 'collapse'], Actor goon-402006644, parts = ['modelRoot'], LODs = ['lodRoot'], anims = ['walk', 'recovery', 'collapse']]
///////////
///////////
Actor goon-402006570, parts = ['modelRoot'], LODs = ['lodRoot'], anims = ['walk', 'recovery', 'collapse']
[Actor goon--1, parts = ['modelRoot'], LODs = ['lodRoot'], anims = ['walk', 'recovery', 'collapse'], Actor goon--2, parts = ['modelRoot'], LODs = ['lodRoot'], anims = ['walk', 'recovery', 'collapse'], Actor goon--3, parts = ['modelRoot'], LODs = ['lodRoot'], anims = ['walk', 'recovery', 'collapse'], Actor goon-402006427, parts = ['modelRoot'], LODs = ['lodRoot'], anims = ['walk', 'recovery', 'collapse'], Actor goon-402006503, parts = ['modelRoot'], LODs = ['lodRoot'], anims = ['walk', 'recovery', 'collapse'], Actor goon-402006569, parts = ['modelRoot'], LODs = ['lodRoot'], anims = ['walk', 'recovery', 'collapse'], Actor goon-402006570, parts = ['modelRoot'], LODs = ['lodRoot'], anims = ['walk', 'recovery', 'collapse'], Actor goon-402006599, parts = ['modelRoot'], LODs = ['lodRoot'], anims = ['walk', 'recovery', 'collapse'], Actor goon-402006621, parts = ['modelRoot'], LODs = ['lodRoot'], anims = ['walk', 'recovery', 'collapse'], Actor goon-402006644, parts = ['modelRoot'], LODs = ['lodRoot'], anims = ['walk', 'recovery', 'collapse'], Actor goon-402006646, parts = ['modelRoot'], LODs = ['lodRoot'], anims = ['walk', 'recovery', 'collapse']]
///////////
///////////
Actor goon-402006570, parts = ['modelRoot'], LODs = ['lodRoot'], anims = ['walk', 'recovery', 'collapse']
[Actor goon--1, parts = ['modelRoot'], LODs = ['lodRoot'], anims = ['walk', 'recovery', 'collapse'], Actor goon--2, parts = ['modelRoot'], LODs = ['lodRoot'], anims = ['walk', 'recovery', 'collapse'], Actor goon--3, parts = ['modelRoot'], LODs = ['lodRoot'], anims = ['walk', 'recovery', 'collapse'], Actor goon-402006427, parts = ['modelRoot'], LODs = ['lodRoot'], anims = ['walk', 'recovery', 'collapse'], Actor goon-402006503, parts = ['modelRoot'], LODs = ['lodRoot'], anims = ['walk', 'recovery', 'collapse'], Actor goon-402006569, parts = ['modelRoot'], LODs = ['lodRoot'], anims = ['walk', 'recovery', 'collapse'], Actor goon-402006599, parts = ['modelRoot'], LODs = ['lodRoot'], anims = ['walk', 'recovery', 'collapse'], Actor goon-402006621, parts = ['modelRoot'], LODs = ['lodRoot'], anims = ['walk', 'recovery', 'collapse'], Actor goon-402006644, parts = ['modelRoot'], LODs = ['lodRoot'], anims = ['walk', 'recovery', 'collapse'], Actor goon-402006646, parts = ['modelRoot'], LODs = ['lodRoot'], anims = ['walk', 'recovery', 'collapse']]
///////////
Traceback (most recent call last):
  File "D:\!-ARISTOTOWN ALTIS EDITION-!\Project-Altis-master\dependencies\panda\direct\distributed\ConnectionRepository.py", line 609, in readerPollUntilEmpty
    while self.readerPollOnce():
  File "D:\!-ARISTOTOWN ALTIS EDITION-!\Project-Altis-master\dependencies\panda\direct\distributed\ConnectionRepository.py", line 616, in readerPollOnce
    self.handleDatagram(self.private__di)
  File "otp\distributed\OTPClientRepository.py", line 1856, in handleDatagram
    self.handler(msgType, di)
  File "otp\distributed\OTPClientRepository.py", line 1471, in handlePlayGame
    self.handleMessageType(msgType, di)
  File "otp\distributed\OTPClientRepository.py", line 1731, in handleMessageType
    self.handleGoGetLost(di)
  File "D:\!-ARISTOTOWN ALTIS EDITION-!\Project-Altis-master\dependencies\panda\direct\distributed\ClientRepositoryBase.py", line 494, in handleGoGetLost
    self.lostConnection()
  File "otp\distributed\OTPClientRepository.py", line 1643, in lostConnection
    self.loginFSM.request('noConnection')
  File "D:\!-ARISTOTOWN ALTIS EDITION-!\Project-Altis-master\dependencies\panda\direct\fsm\ClassicFSM.py", line 282, in request
    exitArgList)
  File "D:\!-ARISTOTOWN ALTIS EDITION-!\Project-Altis-master\dependencies\panda\direct\fsm\ClassicFSM.py", line 228, in __transition
    self.__exitCurrent(exitArgList)
  File "D:\!-ARISTOTOWN ALTIS EDITION-!\Project-Altis-master\dependencies\panda\direct\fsm\ClassicFSM.py", line 186, in __exitCurrent
    self.__currentState.exit(argList)
  File "D:\!-ARISTOTOWN ALTIS EDITION-!\Project-Altis-master\dependencies\panda\direct\fsm\State.py", line 209, in exit
    self.__exitChildren(argList)
  File "D:\!-ARISTOTOWN ALTIS EDITION-!\Project-Altis-master\dependencies\panda\direct\fsm\State.py", line 188, in __exitChildren
    fsm.request((fsm.getFinalState()).getName())
  File "D:\!-ARISTOTOWN ALTIS EDITION-!\Project-Altis-master\dependencies\panda\direct\fsm\ClassicFSM.py", line 282, in request
    exitArgList)
  File "D:\!-ARISTOTOWN ALTIS EDITION-!\Project-Altis-master\dependencies\panda\direct\fsm\ClassicFSM.py", line 229, in __transition
    self.__enter(aState, enterArgList)
  File "D:\!-ARISTOTOWN ALTIS EDITION-!\Project-Altis-master\dependencies\panda\direct\fsm\ClassicFSM.py", line 215, in __enter
    aState.enter(argList)
  File "D:\!-ARISTOTOWN ALTIS EDITION-!\Project-Altis-master\dependencies\panda\direct\fsm\State.py", line 202, in enter
    self.__enterFunc(*argList)
  File "toontown\distributed\ToontownClientRepository.py", line 516, in enterGameOff
    OTPClientRepository.OTPClientRepository.enterGameOff(self)
  File "otp\distributed\OTPClientRepository.py", line 1236, in enterGameOff
    self._abandonShard()
  File "toontown\distributed\ToontownClientRepository.py", line 1085, in _abandonShard
    self.deleteObject(doId)
  File "toontown\distributed\ToontownClientRepository.py", line 1074, in deleteObject
    obj.deleteOrDelay()
  File "D:\!-ARISTOTOWN ALTIS EDITION-!\Project-Altis-master\dependencies\panda\direct\distributed\DistributedObject.py", line 202, in deleteOrDelay
    self.disableAnnounceAndDelete()
  File "D:\!-ARISTOTOWN ALTIS EDITION-!\Project-Altis-master\dependencies\panda\direct\distributed\DistributedObject.py", line 205, in disableAnnounceAndDelete
    self.disableAndAnnounce()
  File "D:\!-ARISTOTOWN ALTIS EDITION-!\Project-Altis-master\dependencies\panda\direct\distributed\DistributedObject.py", line 231, in disableAndAnnounce
    self.disable()
  File "toontown\suit\DistributedCashbotBossGoon.py", line 58, in disable
    i = self.boss.goons.index(self)
ValueError: Actor goon-402005803, parts = ['modelRoot'], LODs = ['lodRoot'], anims = ['walk', 'recovery', 'collapse'] is not in list
Traceback (most recent call last):
  File "D:\!-ARISTOTOWN ALTIS EDITION-!\Project-Altis-master\dependencies\panda\direct\showbase\EventManager.py", line 49, in eventLoopTask
    self.doEvents()
  File "D:\!-ARISTOTOWN ALTIS EDITION-!\Project-Altis-master\dependencies\panda\direct\showbase\EventManager.py", line 42, in doEvents
    while not isEmptyFunc():
  File "D:\!-ARISTOTOWN ALTIS EDITION-!\Project-Altis-master\dependencies\panda\direct\distributed\ConnectionRepository.py", line 609, in readerPollUntilEmpty
    while self.readerPollOnce():
  File "D:\!-ARISTOTOWN ALTIS EDITION-!\Project-Altis-master\dependencies\panda\direct\distributed\ConnectionRepository.py", line 616, in readerPollOnce
    self.handleDatagram(self.private__di)
  File "otp\distributed\OTPClientRepository.py", line 1856, in handleDatagram
    self.handler(msgType, di)
  File "otp\distributed\OTPClientRepository.py", line 1471, in handlePlayGame
    self.handleMessageType(msgType, di)
  File "otp\distributed\OTPClientRepository.py", line 1731, in handleMessageType
    self.handleGoGetLost(di)
  File "D:\!-ARISTOTOWN ALTIS EDITION-!\Project-Altis-master\dependencies\panda\direct\distributed\ClientRepositoryBase.py", line 494, in handleGoGetLost
    self.lostConnection()
  File "otp\distributed\OTPClientRepository.py", line 1643, in lostConnection
    self.loginFSM.request('noConnection')
  File "D:\!-ARISTOTOWN ALTIS EDITION-!\Project-Altis-master\dependencies\panda\direct\fsm\ClassicFSM.py", line 282, in request
    exitArgList)
  File "D:\!-ARISTOTOWN ALTIS EDITION-!\Project-Altis-master\dependencies\panda\direct\fsm\ClassicFSM.py", line 228, in __transition
    self.__exitCurrent(exitArgList)
  File "D:\!-ARISTOTOWN ALTIS EDITION-!\Project-Altis-master\dependencies\panda\direct\fsm\ClassicFSM.py", line 186, in __exitCurrent
    self.__currentState.exit(argList)
  File "D:\!-ARISTOTOWN ALTIS EDITION-!\Project-Altis-master\dependencies\panda\direct\fsm\State.py", line 209, in exit
    self.__exitChildren(argList)
  File "D:\!-ARISTOTOWN ALTIS EDITION-!\Project-Altis-master\dependencies\panda\direct\fsm\State.py", line 188, in __exitChildren
    fsm.request((fsm.getFinalState()).getName())
  File "D:\!-ARISTOTOWN ALTIS EDITION-!\Project-Altis-master\dependencies\panda\direct\fsm\ClassicFSM.py", line 282, in request
    exitArgList)
  File "D:\!-ARISTOTOWN ALTIS EDITION-!\Project-Altis-master\dependencies\panda\direct\fsm\ClassicFSM.py", line 229, in __transition
    self.__enter(aState, enterArgList)
  File "D:\!-ARISTOTOWN ALTIS EDITION-!\Project-Altis-master\dependencies\panda\direct\fsm\ClassicFSM.py", line 215, in __enter
    aState.enter(argList)
  File "D:\!-ARISTOTOWN ALTIS EDITION-!\Project-Altis-master\dependencies\panda\direct\fsm\State.py", line 202, in enter
    self.__enterFunc(*argList)
  File "toontown\distributed\ToontownClientRepository.py", line 516, in enterGameOff
    OTPClientRepository.OTPClientRepository.enterGameOff(self)
  File "otp\distributed\OTPClientRepository.py", line 1236, in enterGameOff
    self._abandonShard()
  File "toontown\distributed\ToontownClientRepository.py", line 1085, in _abandonShard
    self.deleteObject(doId)
  File "toontown\distributed\ToontownClientRepository.py", line 1074, in deleteObject
    obj.deleteOrDelay()
  File "D:\!-ARISTOTOWN ALTIS EDITION-!\Project-Altis-master\dependencies\panda\direct\distributed\DistributedObject.py", line 202, in deleteOrDelay
    self.disableAnnounceAndDelete()
  File "D:\!-ARISTOTOWN ALTIS EDITION-!\Project-Altis-master\dependencies\panda\direct\distributed\DistributedObject.py", line 205, in disableAnnounceAndDelete
    self.disableAndAnnounce()
  File "D:\!-ARISTOTOWN ALTIS EDITION-!\Project-Altis-master\dependencies\panda\direct\distributed\DistributedObject.py", line 231, in disableAndAnnounce
    self.disable()
  File "toontown\suit\DistributedCashbotBossGoon.py", line 58, in disable
    i = self.boss.goons.index(self)
ValueError: Actor goon-402005803, parts = ['modelRoot'], LODs = ['lodRoot'], anims = ['walk', 'recovery', 'collapse'] is not in list
Traceback (most recent call last):
  File "otp\otpbase\OTPBase.py", line 235, in run
    taskMgr.run()
  File "D:\!-ARISTOTOWN ALTIS EDITION-!\Project-Altis-master\dependencies\panda\direct\task\Task.py", line 538, in run
    self.step()
  File "D:\!-ARISTOTOWN ALTIS EDITION-!\Project-Altis-master\dependencies\panda\direct\task\Task.py", line 492, in step
    self.mgr.poll()
  File "D:\!-ARISTOTOWN ALTIS EDITION-!\Project-Altis-master\dependencies\panda\direct\showbase\EventManager.py", line 49, in eventLoopTask
    self.doEvents()
  File "D:\!-ARISTOTOWN ALTIS EDITION-!\Project-Altis-master\dependencies\panda\direct\showbase\EventManager.py", line 42, in doEvents
    while not isEmptyFunc():
  File "D:\!-ARISTOTOWN ALTIS EDITION-!\Project-Altis-master\dependencies\panda\direct\distributed\ConnectionRepository.py", line 609, in readerPollUntilEmpty
    while self.readerPollOnce():
  File "D:\!-ARISTOTOWN ALTIS EDITION-!\Project-Altis-master\dependencies\panda\direct\distributed\ConnectionRepository.py", line 616, in readerPollOnce
    self.handleDatagram(self.private__di)
  File "otp\distributed\OTPClientRepository.py", line 1856, in handleDatagram
    self.handler(msgType, di)
  File "otp\distributed\OTPClientRepository.py", line 1471, in handlePlayGame
    self.handleMessageType(msgType, di)
  File "otp\distributed\OTPClientRepository.py", line 1731, in handleMessageType
    self.handleGoGetLost(di)
  File "D:\!-ARISTOTOWN ALTIS EDITION-!\Project-Altis-master\dependencies\panda\direct\distributed\ClientRepositoryBase.py", line 494, in handleGoGetLost
    self.lostConnection()
  File "otp\distributed\OTPClientRepository.py", line 1643, in lostConnection
    self.loginFSM.request('noConnection')
  File "D:\!-ARISTOTOWN ALTIS EDITION-!\Project-Altis-master\dependencies\panda\direct\fsm\ClassicFSM.py", line 282, in request
    exitArgList)
  File "D:\!-ARISTOTOWN ALTIS EDITION-!\Project-Altis-master\dependencies\panda\direct\fsm\ClassicFSM.py", line 228, in __transition
    self.__exitCurrent(exitArgList)
  File "D:\!-ARISTOTOWN ALTIS EDITION-!\Project-Altis-master\dependencies\panda\direct\fsm\ClassicFSM.py", line 186, in __exitCurrent
    self.__currentState.exit(argList)
  File "D:\!-ARISTOTOWN ALTIS EDITION-!\Project-Altis-master\dependencies\panda\direct\fsm\State.py", line 209, in exit
    self.__exitChildren(argList)
  File "D:\!-ARISTOTOWN ALTIS EDITION-!\Project-Altis-master\dependencies\panda\direct\fsm\State.py", line 188, in __exitChildren
    fsm.request((fsm.getFinalState()).getName())
  File "D:\!-ARISTOTOWN ALTIS EDITION-!\Project-Altis-master\dependencies\panda\direct\fsm\ClassicFSM.py", line 282, in request
    exitArgList)
  File "D:\!-ARISTOTOWN ALTIS EDITION-!\Project-Altis-master\dependencies\panda\direct\fsm\ClassicFSM.py", line 229, in __transition
    self.__enter(aState, enterArgList)
  File "D:\!-ARISTOTOWN ALTIS EDITION-!\Project-Altis-master\dependencies\panda\direct\fsm\ClassicFSM.py", line 215, in __enter
    aState.enter(argList)
  File "D:\!-ARISTOTOWN ALTIS EDITION-!\Project-Altis-master\dependencies\panda\direct\fsm\State.py", line 202, in enter
    self.__enterFunc(*argList)
  File "toontown\distributed\ToontownClientRepository.py", line 516, in enterGameOff
    OTPClientRepository.OTPClientRepository.enterGameOff(self)
  File "otp\distributed\OTPClientRepository.py", line 1236, in enterGameOff
    self._abandonShard()
  File "toontown\distributed\ToontownClientRepository.py", line 1085, in _abandonShard
    self.deleteObject(doId)
  File "toontown\distributed\ToontownClientRepository.py", line 1074, in deleteObject
    obj.deleteOrDelay()
  File "D:\!-ARISTOTOWN ALTIS EDITION-!\Project-Altis-master\dependencies\panda\direct\distributed\DistributedObject.py", line 202, in deleteOrDelay
    self.disableAnnounceAndDelete()
  File "D:\!-ARISTOTOWN ALTIS EDITION-!\Project-Altis-master\dependencies\panda\direct\distributed\DistributedObject.py", line 205, in disableAnnounceAndDelete
    self.disableAndAnnounce()
  File "D:\!-ARISTOTOWN ALTIS EDITION-!\Project-Altis-master\dependencies\panda\direct\distributed\DistributedObject.py", line 231, in disableAndAnnounce
    self.disable()
  File "toontown\suit\DistributedCashbotBossGoon.py", line 58, in disable
    i = self.boss.goons.index(self)
ValueError: Actor goon-402005803, parts = ['modelRoot'], LODs = ['lodRoot'], anims = ['walk', 'recovery', 'collapse'] is not in list
